transport_type,line_number,vehicle_id,fleet_number,lat,lon,heading_deg,speed_kmh,floor_type,destination,snapshot_ts,snapshot_date
2,8,1186,49,59.44323,24.78564,100,,Z,Äigrumäe,2026-05-23 07:00:00+03,2026-05-23
2,8,1236,34,59.4845,24.88407,329,,Z,Väike-Õismäe,2026-05-23 07:00:00+03,2026-05-23
2,8,1474,2,59.41253,24.63432,289,,Z,Väike-Õismäe,2026-05-23 07:00:00+03,2026-05-23
2,8,1476,61,59.42634,24.65951,69,,Z,Äigrumäe,2026-05-23 07:00:00+03,2026-05-23
2,8,1710,18,59.44366,24.7524,4,,Z,Väike-Õismäe,2026-05-23 07:00:00+03,2026-05-23
2,8,1186,49,59.4425,24.78927,112,,Z,Äigrumäe,2026-05-23 07:00:30+03,2026-05-23
2,8,1236,34,59.48674,24.88172,331,,Z,Väike-Õismäe,2026-05-23 07:00:30+03,2026-05-23
2,8,1474,2,59.41192,24.63537,117,,Z,Väike-Õismäe,2026-05-23 07:00:30+03,2026-05-23
2,8,1476,61,59.42721,24.66549,76,,Z,Äigrumäe,2026-05-23 07:00:30+03,2026-05-23
2,8,1710,18,59.44382,24.75093,287,,Z,Väike-Õismäe,2026-05-23 07:00:30+03,2026-05-23
2,8,1186,49,59.4425,24.78927,112,,Z,Äigrumäe,2026-05-23 07:01:01+03,2026-05-23
2,8,1236,34,59.48932,24.8808,353,,Z,Väike-Õismäe,2026-05-23 07:01:01+03,2026-05-23
2,8,1474,2,59.41192,24.63537,117,,Z,Väike-Õismäe,2026-05-23 07:01:01+03,2026-05-23
2,8,1476,61,59.42778,24.67209,84,,Z,Äigrumäe,2026-05-23 07:01:01+03,2026-05-23
2,8,1710,18,59.44407,24.7488,283,,Z,Väike-Õismäe,2026-05-23 07:01:01+03,2026-05-23
2,8,1186,49,59.44237,24.79101,100,,Z,Äigrumäe,2026-05-23 07:01:31+03,2026-05-23
2,8,1236,34,59.49085,24.87951,311,,Z,Väike-Õismäe,2026-05-23 07:01:31+03,2026-05-23
2,8,1474,2,59.41192,24.63537,117,,Z,Väike-Õismäe,2026-05-23 07:01:31+03,2026-05-23
2,8,1476,61,59.42787,24.6734,82,,Z,Äigrumäe,2026-05-23 07:01:31+03,2026-05-23
2,8,1710,18,59.4441,24.7485,283,,Z,Väike-Õismäe,2026-05-23 07:01:31+03,2026-05-23
2,8,1186,49,59.44271,24.79363,75,,Z,Äigrumäe,2026-05-23 07:02:01+03,2026-05-23
2,8,1236,34,59.49056,24.87859,311,,Z,Väike-Õismäe,2026-05-23 07:02:01+03,2026-05-23
2,8,1474,2,59.41191,24.63536,117,,Z,Väike-Õismäe,2026-05-23 07:02:01+03,2026-05-23
2,8,1476,61,59.42857,24.67973,75,,Z,Äigrumäe,2026-05-23 07:02:01+03,2026-05-23
2,8,1710,18,59.44447,24.74473,281,,Z,Väike-Õismäe,2026-05-23 07:02:01+03,2026-05-23
2,8,1186,49,59.44298,24.79497,71,,Z,Äigrumäe,2026-05-23 07:02:31+03,2026-05-23
2,8,1236,34,59.48924,24.87407,240,,Z,Väike-Õismäe,2026-05-23 07:02:31+03,2026-05-23
2,8,1474,2,59.41191,24.63536,117,,Z,Väike-Õismäe,2026-05-23 07:02:31+03,2026-05-23
2,8,1476,61,59.42869,24.68089,77,,Z,Äigrumäe,2026-05-23 07:02:31+03,2026-05-23
2,8,1710,18,59.44367,24.7433,210,,Z,Väike-Õismäe,2026-05-23 07:02:31+03,2026-05-23
2,8,1186,49,59.44322,24.79562,71,,Z,Äigrumäe,2026-05-23 07:03:01+03,2026-05-23
2,8,1236,34,59.4883,24.87072,244,,Z,Väike-Õismäe,2026-05-23 07:03:01+03,2026-05-23
2,8,1474,2,59.41192,24.63536,117,,Z,Väike-Õismäe,2026-05-23 07:03:01+03,2026-05-23
2,8,1476,61,59.42934,24.68689,80,,Z,Äigrumäe,2026-05-23 07:03:01+03,2026-05-23
2,8,1710,18,59.44262,24.74271,206,,Z,Väike-Õismäe,2026-05-23 07:03:01+03,2026-05-23
2,8,1186,49,59.44578,24.79962,39,,Z,Äigrumäe,2026-05-23 07:03:31+03,2026-05-23
2,8,1236,34,59.48756,24.86819,241,,Z,Väike-Õismäe,2026-05-23 07:03:31+03,2026-05-23
2,8,1474,2,59.41191,24.63536,117,,Z,Väike-Õismäe,2026-05-23 07:03:31+03,2026-05-23
2,8,1476,61,59.42954,24.6928,86,,Z,Äigrumäe,2026-05-23 07:03:31+03,2026-05-23
2,8,1710,18,59.44172,24.74312,199,,Z,Väike-Õismäe,2026-05-23 07:03:31+03,2026-05-23
2,8,1186,49,59.44836,24.80357,37,,Z,Äigrumäe,2026-05-23 07:04:01+03,2026-05-23
2,8,1236,34,59.48694,24.86463,256,,Z,Väike-Õismäe,2026-05-23 07:04:01+03,2026-05-23
2,8,1474,2,59.4119,24.63535,117,,Z,Väike-Õismäe,2026-05-23 07:04:01+03,2026-05-23
2,8,1476,61,59.42952,24.69474,94,,Z,Äigrumäe,2026-05-23 07:04:01+03,2026-05-23
2,8,1710,18,59.44033,24.73942,237,,Z,Väike-Õismäe,2026-05-23 07:04:01+03,2026-05-23
2,8,1186,49,59.45116,24.80709,26,,Z,Äigrumäe,2026-05-23 07:04:32+03,2026-05-23
2,8,1236,34,59.48472,24.86189,216,,Z,Väike-Õismäe,2026-05-23 07:04:32+03,2026-05-23
2,8,1474,2,59.41191,24.63536,117,,Z,Väike-Õismäe,2026-05-23 07:04:32+03,2026-05-23
2,8,1476,61,59.42932,24.69808,98,,Z,Äigrumäe,2026-05-23 07:04:32+03,2026-05-23
2,8,1710,18,59.43975,24.73775,238,,Z,Väike-Õismäe,2026-05-23 07:04:32+03,2026-05-23
2,8,1186,49,59.45412,24.80891,15,,Z,Äigrumäe,2026-05-23 07:05:02+03,2026-05-23
2,8,1236,34,59.48291,24.85917,211,,Z,Väike-Õismäe,2026-05-23 07:05:02+03,2026-05-23
2,8,1474,2,59.4119,24.63535,117,,Z,Väike-Õismäe,2026-05-23 07:05:02+03,2026-05-23
2,8,1476,61,59.42926,24.70043,94,,Z,Äigrumäe,2026-05-23 07:05:02+03,2026-05-23
2,8,1710,18,59.43917,24.73622,235,,Z,Väike-Õismäe,2026-05-23 07:05:02+03,2026-05-23
2,8,1186,49,59.45703,24.81138,24,,Z,Äigrumäe,2026-05-23 07:05:32+03,2026-05-23
2,8,1236,34,59.48084,24.85635,235,,Z,Väike-Õismäe,2026-05-23 07:05:32+03,2026-05-23
2,8,1474,2,59.4119,24.63534,117,,Z,Väike-Õismäe,2026-05-23 07:05:32+03,2026-05-23
2,8,1476,61,59.42919,24.70366,88,,Z,Äigrumäe,2026-05-23 07:05:32+03,2026-05-23
2,8,1710,18,59.43707,24.73334,203,,Z,Väike-Õismäe,2026-05-23 07:05:32+03,2026-05-23
2,8,1186,49,59.45983,24.81652,53,,Z,Äigrumäe,2026-05-23 07:06:02+03,2026-05-23
2,8,1236,34,59.48004,24.85433,228,,Z,Väike-Õismäe,2026-05-23 07:06:02+03,2026-05-23
2,8,1474,2,59.41191,24.63535,117,,Z,Väike-Õismäe,2026-05-23 07:06:02+03,2026-05-23
2,8,1476,61,59.42967,24.70626,72,,Z,Äigrumäe,2026-05-23 07:06:02+03,2026-05-23
2,8,1710,18,59.4368,24.73311,203,,Z,Väike-Õismäe,2026-05-23 07:06:02+03,2026-05-23
2,8,1186,49,59.46145,24.82245,64,,Z,Äigrumäe,2026-05-23 07:06:32+03,2026-05-23
2,8,1236,34,59.47948,24.85075,241,,Z,Väike-Õismäe,2026-05-23 07:06:32+03,2026-05-23
2,8,1474,2,59.4119,24.63534,117,,Z,Väike-Õismäe,2026-05-23 07:06:32+03,2026-05-23
2,8,1476,61,59.43039,24.70958,58,,Z,Äigrumäe,2026-05-23 07:06:32+03,2026-05-23
2,8,1710,18,59.43654,24.73107,270,,Z,Väike-Õismäe,2026-05-23 07:06:32+03,2026-05-23
2,8,1186,49,59.46217,24.82503,60,,Z,Äigrumäe,2026-05-23 07:07:02+03,2026-05-23
2,8,1236,34,59.4786,24.84895,225,,Z,Väike-Õismäe,2026-05-23 07:07:02+03,2026-05-23
2,8,1474,2,59.4119,24.63534,117,,Z,Väike-Õismäe,2026-05-23 07:07:02+03,2026-05-23
2,8,1476,61,59.43128,24.71248,60,,Z,Äigrumäe,2026-05-23 07:07:02+03,2026-05-23
2,8,1710,18,59.43627,24.72823,240,,Z,Väike-Õismäe,2026-05-23 07:07:02+03,2026-05-23
2,8,1186,49,59.46409,24.82882,43,,Z,Äigrumäe,2026-05-23 07:07:32+03,2026-05-23
2,8,1236,34,59.47726,24.84671,205,,Z,Väike-Õismäe,2026-05-23 07:07:32+03,2026-05-23
2,8,1474,2,59.41191,24.63535,117,,Z,Väike-Õismäe,2026-05-23 07:07:32+03,2026-05-23
2,8,1476,61,59.43192,24.71435,57,,Z,Äigrumäe,2026-05-23 07:07:32+03,2026-05-23
2,8,1710,18,59.43553,24.72603,237,,Z,Väike-Õismäe,2026-05-23 07:07:32+03,2026-05-23
2,8,1186,49,59.46611,24.83265,45,,Z,Äigrumäe,2026-05-23 07:08:03+03,2026-05-23
2,8,1236,34,59.47498,24.84464,230,,Z,Väike-Õismäe,2026-05-23 07:08:03+03,2026-05-23
2,8,1474,2,59.41191,24.63534,117,,Z,Väike-Õismäe,2026-05-23 07:08:03+03,2026-05-23
2,8,1476,61,59.43322,24.71858,66,,Z,Äigrumäe,2026-05-23 07:08:03+03,2026-05-23
2,8,1710,18,59.43413,24.72306,211,,Z,Väike-Õismäe,2026-05-23 07:08:03+03,2026-05-23
2,8,1186,49,59.46796,24.83411,13,,Z,Äigrumäe,2026-05-23 07:08:33+03,2026-05-23
2,8,1236,34,59.47418,24.83996,262,,Z,Väike-Õismäe,2026-05-23 07:08:33+03,2026-05-23
2,8,1474,2,59.41191,24.63536,117,,Z,Väike-Õismäe,2026-05-23 07:08:33+03,2026-05-23
2,8,1476,61,59.43347,24.71973,66,,Z,Äigrumäe,2026-05-23 07:08:33+03,2026-05-23
2,8,1710,18,59.43372,24.72073,249,,Z,Väike-Õismäe,2026-05-23 07:08:33+03,2026-05-23
2,8,3393,91,59.41261,24.63638,53,,Z,Äigrumäe,2026-05-23 07:08:33+03,2026-05-23
2,8,1186,49,59.47,24.83515,14,,Z,Äigrumäe,2026-05-23 07:09:03+03,2026-05-23
2,8,1236,34,59.47403,24.83722,283,,Z,Väike-Õismäe,2026-05-23 07:09:03+03,2026-05-23
2,8,1474,2,59.41192,24.63536,117,,Z,Väike-Õismäe,2026-05-23 07:09:03+03,2026-05-23
2,8,1476,61,59.43391,24.72206,69,,Z,Äigrumäe,2026-05-23 07:09:03+03,2026-05-23
2,8,1710,18,59.43297,24.71695,249,,Z,Väike-Õismäe,2026-05-23 07:09:03+03,2026-05-23
2,8,3393,91,59.41286,24.63653,53,,Z,Äigrumäe,2026-05-23 07:09:03+03,2026-05-23
2,8,1186,49,59.4726,24.83654,18,,Z,Äigrumäe,2026-05-23 07:09:33+03,2026-05-23
2,8,1236,34,59.47361,24.83704,204,,Z,Väike-Õismäe,2026-05-23 07:09:33+03,2026-05-23
2,8,1474,2,59.41193,24.63537,117,,Z,Väike-Õismäe,2026-05-23 07:09:33+03,2026-05-23
2,8,1476,61,59.43418,24.72349,70,,Z,Äigrumäe,2026-05-23 07:09:33+03,2026-05-23
2,8,1710,18,59.4329,24.71677,249,,Z,Väike-Õismäe,2026-05-23 07:09:33+03,2026-05-23
2,8,3393,91,59.4123,24.6397,114,,Z,Äigrumäe,2026-05-23 07:09:33+03,2026-05-23
2,8,1186,49,59.47407,24.83894,77,,Z,Äigrumäe,2026-05-23 07:10:03+03,2026-05-23
2,8,1236,34,59.47067,24.83511,200,,Z,Väike-Õismäe,2026-05-23 07:10:03+03,2026-05-23
2,8,1474,2,59.41192,24.63536,117,,Z,Väike-Õismäe,2026-05-23 07:10:03+03,2026-05-23
2,8,1476,61,59.43459,24.72546,66,,Z,Äigrumäe,2026-05-23 07:10:03+03,2026-05-23
2,8,1710,18,59.43242,24.71462,251,,Z,Väike-Õismäe,2026-05-23 07:10:03+03,2026-05-23
2,8,3393,91,59.41218,24.64066,114,,Z,Äigrumäe,2026-05-23 07:10:03+03,2026-05-23
2,8,1186,49,59.47496,24.84423,64,,Z,Äigrumäe,2026-05-23 07:10:33+03,2026-05-23
2,8,1236,34,59.46979,24.83481,187,,Z,Väike-Õismäe,2026-05-23 07:10:33+03,2026-05-23
2,8,1474,2,59.41192,24.63535,117,,Z,Väike-Õismäe,2026-05-23 07:10:33+03,2026-05-23
2,8,1476,61,59.43502,24.72991,82,,Z,Äigrumäe,2026-05-23 07:10:33+03,2026-05-23
2,8,1710,18,59.43209,24.71365,240,,Z,Väike-Õismäe,2026-05-23 07:10:33+03,2026-05-23
2,8,3393,91,59.41391,24.6401,334,,Z,Äigrumäe,2026-05-23 07:10:33+03,2026-05-23
2,8,1186,49,59.47746,24.84694,16,,Z,Äigrumäe,2026-05-23 07:11:03+03,2026-05-23
2,8,1236,34,59.46765,24.83367,194,,Z,Väike-Õismäe,2026-05-23 07:11:03+03,2026-05-23
2,8,1474,2,59.41193,24.63534,117,,Z,Väike-Õismäe,2026-05-23 07:11:03+03,2026-05-23
2,8,1476,61,59.43521,24.73292,98,,Z,Äigrumäe,2026-05-23 07:11:03+03,2026-05-23
2,8,1710,18,59.43072,24.70933,238,,Z,Väike-Õismäe,2026-05-23 07:11:03+03,2026-05-23
2,8,3393,91,59.41485,24.6396,348,,Z,Äigrumäe,2026-05-23 07:11:03+03,2026-05-23
2,8,1186,49,59.47957,24.85113,45,,Z,Äigrumäe,2026-05-23 07:11:34+03,2026-05-23
2,8,1236,34,59.46674,24.83276,241,,Z,Väike-Õismäe,2026-05-23 07:11:34+03,2026-05-23
2,8,1474,2,59.41192,24.63534,117,,Z,Väike-Õismäe,2026-05-23 07:11:34+03,2026-05-23
2,8,1476,61,59.43714,24.73355,22,,Z,Äigrumäe,2026-05-23 07:11:34+03,2026-05-23
2,8,1710,18,59.43005,24.70704,240,,Z,Väike-Õismäe,2026-05-23 07:11:34+03,2026-05-23
2,8,3393,91,59.41583,24.63968,359,,Z,Äigrumäe,2026-05-23 07:11:34+03,2026-05-23
2,8,1186,49,59.48059,24.85571,52,,Z,Äigrumäe,2026-05-23 07:12:04+03,2026-05-23
2,8,1236,34,59.46637,24.83275,241,,Z,Väike-Õismäe,2026-05-23 07:12:04+03,2026-05-23
2,8,1474,2,59.41192,24.63535,117,,Z,Väike-Õismäe,2026-05-23 07:12:04+03,2026-05-23
2,8,1476,61,59.43915,24.73625,50,,Z,Äigrumäe,2026-05-23 07:12:04+03,2026-05-23
2,8,1710,18,59.42986,24.7064,239,,Z,Väike-Õismäe,2026-05-23 07:12:04+03,2026-05-23
2,8,3393,91,59.41852,24.64186,37,,Z,Äigrumäe,2026-05-23 07:12:04+03,2026-05-23
2,8,1186,49,59.48267,24.85897,23,,Z,Äigrumäe,2026-05-23 07:12:34+03,2026-05-23
2,8,1236,34,59.4647,24.82945,225,,Z,Väike-Õismäe,2026-05-23 07:12:34+03,2026-05-23
2,8,1474,2,59.41193,24.63536,117,,Z,Väike-Õismäe,2026-05-23 07:12:34+03,2026-05-23
2,8,1476,61,59.43963,24.73804,64,,Z,Äigrumäe,2026-05-23 07:12:34+03,2026-05-23
2,8,1710,18,59.42949,24.70529,233,,Z,Väike-Õismäe,2026-05-23 07:12:34+03,2026-05-23
2,8,3393,91,59.41957,24.64556,75,,Z,Äigrumäe,2026-05-23 07:12:34+03,2026-05-23
2,8,1186,49,59.48488,24.86228,47,,Z,Äigrumäe,2026-05-23 07:13:04+03,2026-05-23
2,8,1236,34,59.46359,24.82713,228,,Z,Väike-Õismäe,2026-05-23 07:13:04+03,2026-05-23
2,8,1474,2,59.41193,24.63539,117,,Z,Väike-Õismäe,2026-05-23 07:13:04+03,2026-05-23
2,8,1476,61,59.4398,24.7384,64,,Z,Äigrumäe,2026-05-23 07:13:04+03,2026-05-23
2,8,1710,18,59.42949,24.70529,233,,Z,Väike-Õismäe,2026-05-23 07:13:04+03,2026-05-23
2,8,3393,91,59.42007,24.64524,354,,Z,Äigrumäe,2026-05-23 07:13:04+03,2026-05-23
2,8,1186,49,59.48699,24.86547,47,,Z,Äigrumäe,2026-05-23 07:13:34+03,2026-05-23
2,8,1236,34,59.46222,24.82413,234,,Z,Väike-Õismäe,2026-05-23 07:13:34+03,2026-05-23
2,8,1474,2,59.41192,24.63537,117,,Z,Väike-Õismäe,2026-05-23 07:13:34+03,2026-05-23
2,8,1476,61,59.43987,24.7386,64,,Z,Äigrumäe,2026-05-23 07:13:34+03,2026-05-23
2,8,1710,18,59.42928,24.70305,268,,Z,Väike-Õismäe,2026-05-23 07:13:34+03,2026-05-23
2,8,3393,91,59.42057,24.64445,281,,Z,Äigrumäe,2026-05-23 07:13:34+03,2026-05-23
2,8,1186,49,59.48811,24.87022,60,,Z,Äigrumäe,2026-05-23 07:14:04+03,2026-05-23
2,8,1236,34,59.46108,24.81941,244,,Z,Väike-Õismäe,2026-05-23 07:14:04+03,2026-05-23
2,8,1474,2,59.41192,24.63538,117,,Z,Väike-Õismäe,2026-05-23 07:14:04+03,2026-05-23
2,8,1476,61,59.44103,24.74152,52,,Z,Äigrumäe,2026-05-23 07:14:04+03,2026-05-23
2,8,1710,18,59.42941,24.69941,276,,Z,Väike-Õismäe,2026-05-23 07:14:04+03,2026-05-23
2,8,3393,91,59.42233,24.64496,48,,Z,Äigrumäe,2026-05-23 07:14:04+03,2026-05-23
2,8,1186,49,59.48946,24.87485,60,,Z,Äigrumäe,2026-05-23 07:14:34+03,2026-05-23
2,8,1236,34,59.45983,24.81528,235,,Z,Väike-Õismäe,2026-05-23 07:14:34+03,2026-05-23
2,8,1474,2,59.41191,24.63537,117,,Z,Väike-Õismäe,2026-05-23 07:14:34+03,2026-05-23
2,8,1476,61,59.44199,24.74516,57,,Z,Äigrumäe,2026-05-23 07:14:34+03,2026-05-23
2,8,1710,18,59.42944,24.6984,274,,Z,Väike-Õismäe,2026-05-23 07:14:34+03,2026-05-23
2,8,3393,91,59.4236,24.64822,39,,Z,Äigrumäe,2026-05-23 07:14:34+03,2026-05-23
2,8,1186,49,59.49072,24.8793,61,,Z,Äigrumäe,2026-05-23 07:15:05+03,2026-05-23
2,8,1236,34,59.45765,24.81153,219,,Z,Väike-Õismäe,2026-05-23 07:15:05+03,2026-05-23
2,8,1474,2,59.41191,24.63537,117,,Z,Väike-Õismäe,2026-05-23 07:15:05+03,2026-05-23
2,8,1476,61,59.44292,24.74923,62,,Z,Äigrumäe,2026-05-23 07:15:05+03,2026-05-23
2,8,1710,18,59.42987,24.69165,276,,Z,Väike-Õismäe,2026-05-23 07:15:05+03,2026-05-23
2,8,3393,91,59.42387,24.64905,39,,Z,Äigrumäe,2026-05-23 07:15:05+03,2026-05-23
2,8,1186,49,59.48986,24.88047,157,,Z,Äigrumäe,2026-05-23 07:15:35+03,2026-05-23
2,8,1236,34,59.45422,24.80847,202,,Z,Väike-Õismäe,2026-05-23 07:15:35+03,2026-05-23
2,8,1474,2,59.41192,24.63538,117,,Z,Väike-Õismäe,2026-05-23 07:15:35+03,2026-05-23
2,8,1476,61,59.44347,24.75031,76,,Z,Äigrumäe,2026-05-23 07:15:35+03,2026-05-23
2,8,1710,18,59.42985,24.68962,268,,Z,Väike-Õismäe,2026-05-23 07:15:35+03,2026-05-23
2,8,3393,91,59.42533,24.65498,67,,Z,Äigrumäe,2026-05-23 07:15:35+03,2026-05-23
2,8,1186,49,59.48931,24.88081,163,,Z,Äigrumäe,2026-05-23 07:16:05+03,2026-05-23
2,8,1236,34,59.45143,24.80675,199,,Z,Väike-Õismäe,2026-05-23 07:16:05+03,2026-05-23
2,8,1474,2,59.41192,24.63536,117,,Z,Väike-Õismäe,2026-05-23 07:16:05+03,2026-05-23
2,8,1476,61,59.44326,24.75096,76,,Z,Äigrumäe,2026-05-23 07:16:05+03,2026-05-23
2,8,1710,18,59.42927,24.68261,258,,Z,Väike-Õismäe,2026-05-23 07:16:05+03,2026-05-23
2,8,3393,91,59.42627,24.65902,66,,Z,Äigrumäe,2026-05-23 07:16:05+03,2026-05-23
2,8,1186,49,59.48644,24.88202,151,,Z,Äigrumäe,2026-05-23 07:16:35+03,2026-05-23
2,8,1236,34,59.44896,24.80381,216,,Z,Väike-Õismäe,2026-05-23 07:16:35+03,2026-05-23
2,8,1474,2,59.41194,24.63536,117,,Z,Väike-Õismäe,2026-05-23 07:16:35+03,2026-05-23
2,8,1476,61,59.44106,24.75348,151,,Z,Äigrumäe,2026-05-23 07:16:35+03,2026-05-23
2,8,1710,18,59.4289,24.67937,258,,Z,Väike-Õismäe,2026-05-23 07:16:35+03,2026-05-23
2,8,3393,91,59.4264,24.65973,70,,Z,Äigrumäe,2026-05-23 07:16:35+03,2026-05-23
2,8,1186,49,59.48377,24.88487,148,,Z,Äigrumäe,2026-05-23 07:17:05+03,2026-05-23
2,8,1236,34,59.44821,24.80271,217,,Z,Väike-Õismäe,2026-05-23 07:17:05+03,2026-05-23
2,8,1474,2,59.41194,24.63536,117,,Z,Väike-Õismäe,2026-05-23 07:17:05+03,2026-05-23
2,8,1476,61,59.44038,24.75499,135,,Z,Äigrumäe,2026-05-23 07:17:05+03,2026-05-23
2,8,1710,18,59.42826,24.67424,257,,Z,Väike-Õismäe,2026-05-23 07:17:05+03,2026-05-23
2,8,3393,91,59.42723,24.66559,75,,Z,Äigrumäe,2026-05-23 07:17:05+03,2026-05-23
2,8,1186,49,59.48172,24.88878,138,,Z,Äigrumäe,2026-05-23 07:17:35+03,2026-05-23
2,8,1236,34,59.44628,24.79979,218,,Z,Väike-Õismäe,2026-05-23 07:17:35+03,2026-05-23
2,8,1474,2,59.41193,24.63535,117,,Z,Väike-Õismäe,2026-05-23 07:17:35+03,2026-05-23
2,8,1476,61,59.43952,24.75878,106,,Z,Äigrumäe,2026-05-23 07:17:35+03,2026-05-23
2,8,1710,18,59.42774,24.66736,261,,Z,Väike-Õismäe,2026-05-23 07:17:35+03,2026-05-23
2,8,3393,91,59.42776,24.67156,83,,Z,Äigrumäe,2026-05-23 07:17:35+03,2026-05-23
2,8,1186,49,59.4812,24.89095,89,,Z,Äigrumäe,2026-05-23 07:18:05+03,2026-05-23
2,8,1236,34,59.44417,24.79651,218,,Z,Väike-Õismäe,2026-05-23 07:18:05+03,2026-05-23
2,8,1474,2,59.41192,24.63534,117,,Z,Väike-Õismäe,2026-05-23 07:18:05+03,2026-05-23
2,8,1476,61,59.43947,24.76039,96,,Z,Äigrumäe,2026-05-23 07:18:05+03,2026-05-23
2,8,1710,18,59.42684,24.66035,252,,Z,Väike-Õismäe,2026-05-23 07:18:05+03,2026-05-23
2,8,3393,91,59.4279,24.6735,82,,Z,Äigrumäe,2026-05-23 07:18:05+03,2026-05-23
2,8,1186,49,59.48132,24.89081,89,,Z,Äigrumäe,2026-05-23 07:18:35+03,2026-05-23
2,8,1236,34,59.44278,24.79266,253,,Z,Väike-Õismäe,2026-05-23 07:18:35+03,2026-05-23
2,8,1474,2,59.41192,24.63534,117,,Z,Väike-Õismäe,2026-05-23 07:18:35+03,2026-05-23
2,8,1476,61,59.43978,24.76281,77,,Z,Äigrumäe,2026-05-23 07:18:35+03,2026-05-23
2,8,1710,18,59.42636,24.65783,250,,Z,Väike-Õismäe,2026-05-23 07:18:35+03,2026-05-23
2,8,3393,91,59.42863,24.68009,77,,Z,Äigrumäe,2026-05-23 07:18:35+03,2026-05-23
2,8,1186,49,59.48132,24.89081,89,,Z,Äigrumäe,2026-05-23 07:19:06+03,2026-05-23
2,8,1236,34,59.44285,24.78856,283,,Z,Väike-Õismäe,2026-05-23 07:19:06+03,2026-05-23
2,8,1474,2,59.41192,24.63536,117,,Z,Väike-Õismäe,2026-05-23 07:19:06+03,2026-05-23
2,8,1476,61,59.43979,24.76281,77,,Z,Äigrumäe,2026-05-23 07:19:06+03,2026-05-23
2,8,1710,18,59.42536,24.65364,246,,Z,Väike-Õismäe,2026-05-23 07:19:06+03,2026-05-23
2,8,3393,91,59.42923,24.68548,77,,Z,Äigrumäe,2026-05-23 07:19:06+03,2026-05-23
2,8,1186,49,59.48132,24.89081,89,,Z,Äigrumäe,2026-05-23 07:19:36+03,2026-05-23
2,8,1236,34,59.44331,24.7859,287,,Z,Väike-Õismäe,2026-05-23 07:19:36+03,2026-05-23
2,8,1474,2,59.41192,24.63536,117,,Z,Väike-Õismäe,2026-05-23 07:19:36+03,2026-05-23
2,8,1476,61,59.44085,24.76831,69,,Z,Äigrumäe,2026-05-23 07:19:36+03,2026-05-23
2,8,1710,18,59.42463,24.65039,245,,Z,Väike-Õismäe,2026-05-23 07:19:36+03,2026-05-23
2,8,3393,91,59.42955,24.69235,87,,Z,Äigrumäe,2026-05-23 07:19:36+03,2026-05-23
2,8,1186,49,59.48132,24.89081,89,,Z,Äigrumäe,2026-05-23 07:20:06+03,2026-05-23
2,8,1236,34,59.44361,24.78255,279,,Z,Väike-Õismäe,2026-05-23 07:20:06+03,2026-05-23
2,8,1474,2,59.41192,24.63536,117,,Z,Väike-Õismäe,2026-05-23 07:20:06+03,2026-05-23
2,8,1476,61,59.44168,24.77227,66,,Z,Äigrumäe,2026-05-23 07:20:06+03,2026-05-23
2,8,1710,18,59.42371,24.64744,239,,Z,Väike-Õismäe,2026-05-23 07:20:06+03,2026-05-23
2,8,3393,91,59.42957,24.69292,87,,Z,Äigrumäe,2026-05-23 07:20:06+03,2026-05-23
2,8,1186,49,59.48132,24.89081,89,,Z,Äigrumäe,2026-05-23 07:20:36+03,2026-05-23
2,8,1236,34,59.44335,24.77915,253,,Z,Väike-Õismäe,2026-05-23 07:20:36+03,2026-05-23
2,8,1474,2,59.41192,24.63536,117,,Z,Väike-Õismäe,2026-05-23 07:20:36+03,2026-05-23
2,8,1476,61,59.44208,24.77396,67,,Z,Äigrumäe,2026-05-23 07:20:36+03,2026-05-23
2,8,1710,18,59.42284,24.64617,169,,Z,Väike-Õismäe,2026-05-23 07:20:36+03,2026-05-23
2,8,3393,91,59.42938,24.69742,97,,Z,Äigrumäe,2026-05-23 07:20:36+03,2026-05-23
2,8,1186,49,59.48132,24.89081,89,,Z,Äigrumäe,2026-05-23 07:21:06+03,2026-05-23
2,8,1236,34,59.44233,24.77445,246,,Z,Väike-Õismäe,2026-05-23 07:21:06+03,2026-05-23
2,8,1474,2,59.41192,24.63536,117,,Z,Väike-Õismäe,2026-05-23 07:21:06+03,2026-05-23
2,8,1476,61,59.44224,24.77475,68,,Z,Äigrumäe,2026-05-23 07:21:06+03,2026-05-23
2,8,1710,18,59.42115,24.64945,145,,Z,Väike-Õismäe,2026-05-23 07:21:06+03,2026-05-23
2,8,3393,91,59.42935,24.69843,97,,Z,Äigrumäe,2026-05-23 07:21:06+03,2026-05-23
2,8,1186,49,59.48132,24.89081,89,,Z,Äigrumäe,2026-05-23 07:21:36+03,2026-05-23
2,8,1236,34,59.4414,24.77027,246,,Z,Väike-Õismäe,2026-05-23 07:21:36+03,2026-05-23
2,8,1474,2,59.41192,24.63537,117,,Z,Väike-Õismäe,2026-05-23 07:21:36+03,2026-05-23
2,8,1476,61,59.44324,24.77931,68,,Z,Äigrumäe,2026-05-23 07:21:36+03,2026-05-23
2,8,1710,18,59.42032,24.64657,252,,Z,Väike-Õismäe,2026-05-23 07:21:36+03,2026-05-23
2,8,3393,91,59.42923,24.70152,94,,Z,Äigrumäe,2026-05-23 07:21:36+03,2026-05-23
2,8,1186,49,59.48132,24.89081,89,,Z,Äigrumäe,2026-05-23 07:22:06+03,2026-05-23
2,8,1236,34,59.44116,24.76917,248,,Z,Väike-Õismäe,2026-05-23 07:22:06+03,2026-05-23
2,8,1474,2,59.41192,24.63535,117,,Z,Väike-Õismäe,2026-05-23 07:22:06+03,2026-05-23
2,8,1476,61,59.4433,24.78494,98,,Z,Äigrumäe,2026-05-23 07:22:06+03,2026-05-23
2,8,1710,18,59.41922,24.6426,234,,Z,Väike-Õismäe,2026-05-23 07:22:06+03,2026-05-23
2,8,3393,91,59.4292,24.70384,89,,Z,Äigrumäe,2026-05-23 07:22:06+03,2026-05-23
2,8,1186,49,59.48132,24.89081,89,,Z,Äigrumäe,2026-05-23 07:22:37+03,2026-05-23
2,8,1236,34,59.44047,24.76552,251,,Z,Väike-Õismäe,2026-05-23 07:22:37+03,2026-05-23
2,8,1474,2,59.41192,24.63536,117,,Z,Väike-Õismäe,2026-05-23 07:22:37+03,2026-05-23
2,8,1476,61,59.44239,24.79007,104,,Z,Äigrumäe,2026-05-23 07:22:37+03,2026-05-23
2,8,1710,18,59.41799,24.64095,209,,Z,Väike-Õismäe,2026-05-23 07:22:37+03,2026-05-23
2,8,3393,91,59.42935,24.70506,92,,Z,Äigrumäe,2026-05-23 07:22:37+03,2026-05-23
2,8,1186,50,59.48132,24.89081,89,,Z,Äigrumäe,2026-05-23 07:23:07+03,2026-05-23
2,8,1236,34,59.44025,24.76411,252,,Z,Väike-Õismäe,2026-05-23 07:23:07+03,2026-05-23
2,8,1474,2,59.41192,24.63537,117,,Z,Väike-Õismäe,2026-05-23 07:23:07+03,2026-05-23
2,8,1476,61,59.44235,24.79102,93,,Z,Äigrumäe,2026-05-23 07:23:07+03,2026-05-23
2,8,1710,18,59.4161,24.63955,192,,Z,Väike-Õismäe,2026-05-23 07:23:07+03,2026-05-23
2,8,3393,91,59.42989,24.70789,64,,Z,Äigrumäe,2026-05-23 07:23:07+03,2026-05-23
2,8,1186,50,59.48132,24.89081,89,,Z,Väike-Õismäe,2026-05-23 07:23:37+03,2026-05-23
2,8,1236,34,59.43991,24.76212,251,,Z,Väike-Õismäe,2026-05-23 07:23:37+03,2026-05-23
2,8,1474,2,59.41193,24.63538,117,,Z,Väike-Õismäe,2026-05-23 07:23:37+03,2026-05-23
2,8,1476,61,59.44293,24.79481,69,,Z,Äigrumäe,2026-05-23 07:23:37+03,2026-05-23
2,8,1710,18,59.41354,24.64017,166,,Z,Väike-Õismäe,2026-05-23 07:23:37+03,2026-05-23
2,8,3393,91,59.43125,24.71228,60,,Z,Äigrumäe,2026-05-23 07:23:37+03,2026-05-23
2,8,1186,50,59.48132,24.89071,89,,Z,Väike-Õismäe,2026-05-23 07:24:07+03,2026-05-23
2,8,1236,34,59.44017,24.75886,289,,Z,Väike-Õismäe,2026-05-23 07:24:07+03,2026-05-23
2,8,1474,2,59.41193,24.63537,117,,Z,Väike-Õismäe,2026-05-23 07:24:07+03,2026-05-23
2,8,1476,61,59.44358,24.79622,50,,Z,Äigrumäe,2026-05-23 07:24:07+03,2026-05-23
2,8,1710,18,59.41273,24.63825,292,,Z,Väike-Õismäe,2026-05-23 07:24:07+03,2026-05-23
2,8,3393,91,59.43146,24.71283,60,,Z,Äigrumäe,2026-05-23 07:24:07+03,2026-05-23
2,8,1186,50,59.48128,24.88955,312,,Z,Väike-Õismäe,2026-05-23 07:24:37+03,2026-05-23
2,8,1236,34,59.44043,24.75761,291,,Z,Väike-Õismäe,2026-05-23 07:24:37+03,2026-05-23
2,8,1474,2,59.41193,24.63536,117,,Z,Väike-Õismäe,2026-05-23 07:24:37+03,2026-05-23
2,8,1476,61,59.44591,24.7998,37,,Z,Äigrumäe,2026-05-23 07:24:37+03,2026-05-23
2,8,1710,18,59.41299,24.63679,291,,Z,Väike-Õismäe,2026-05-23 07:24:37+03,2026-05-23
2,8,3393,91,59.43322,24.71851,62,,Z,Äigrumäe,2026-05-23 07:24:37+03,2026-05-23
2,8,1186,50,59.48331,24.88585,314,,Z,Väike-Õismäe,2026-05-23 07:25:07+03,2026-05-23
2,8,1236,34,59.44105,24.75432,290,,Z,Väike-Õismäe,2026-05-23 07:25:07+03,2026-05-23
2,8,1474,2,59.41193,24.63536,117,,Z,Väike-Õismäe,2026-05-23 07:25:07+03,2026-05-23
2,8,1476,61,59.44603,24.79998,37,,Z,Äigrumäe,2026-05-23 07:25:07+03,2026-05-23
2,8,1710,18,59.41273,24.63461,289,,Z,Väike-Õismäe,2026-05-23 07:25:07+03,2026-05-23
2,8,3393,91,59.43351,24.71982,66,,Z,Äigrumäe,2026-05-23 07:25:07+03,2026-05-23
2,8,1186,50,59.48605,24.88246,332,,Z,Väike-Õismäe,2026-05-23 07:25:37+03,2026-05-23
2,8,1236,34,59.44308,24.75312,2,,Z,Väike-Õismäe,2026-05-23 07:25:37+03,2026-05-23
2,8,1474,2,59.41192,24.63536,117,,Z,Väike-Õismäe,2026-05-23 07:25:37+03,2026-05-23
2,8,1476,61,59.44768,24.80253,36,,Z,Äigrumäe,2026-05-23 07:25:37+03,2026-05-23
2,8,1710,18,59.41226,24.6352,155,,Z,Väike-Õismäe,2026-05-23 07:25:37+03,2026-05-23
2,8,3393,91,59.43433,24.72405,65,,Z,Äigrumäe,2026-05-23 07:25:37+03,2026-05-23
2,8,1186,50,59.48875,24.88096,358,,Z,Väike-Õismäe,2026-05-23 07:26:07+03,2026-05-23
2,8,1236,34,59.44379,24.75122,283,,Z,Väike-Õismäe,2026-05-23 07:26:07+03,2026-05-23
2,8,1474,3,59.41192,24.63537,117,,Z,Äigrumäe,2026-05-23 07:26:07+03,2026-05-23
2,8,1476,61,59.44841,24.80361,37,,Z,Äigrumäe,2026-05-23 07:26:07+03,2026-05-23
2,8,1710,18,59.41227,24.6352,155,,Z,Väike-Õismäe,2026-05-23 07:26:07+03,2026-05-23
2,8,3393,91,59.43459,24.72548,67,,Z,Äigrumäe,2026-05-23 07:26:07+03,2026-05-23
2,8,1186,50,59.49089,24.88005,345,,Z,Väike-Õismäe,2026-05-23 07:26:38+03,2026-05-23
2,8,1236,34,59.44401,24.74911,285,,Z,Väike-Õismäe,2026-05-23 07:26:38+03,2026-05-23
2,8,1474,3,59.41193,24.63539,117,,Z,Äigrumäe,2026-05-23 07:26:38+03,2026-05-23
2,8,1476,61,59.45044,24.8064,33,,Z,Äigrumäe,2026-05-23 07:26:38+03,2026-05-23
2,8,1710,18,59.41227,24.6352,155,,Z,Väike-Õismäe,2026-05-23 07:26:38+03,2026-05-23
2,8,3393,91,59.43504,24.72983,81,,Z,Äigrumäe,2026-05-23 07:26:38+03,2026-05-23
2,8,1186,50,59.4907,24.87893,288,,Z,Väike-Õismäe,2026-05-23 07:27:08+03,2026-05-23
2,8,1236,34,59.44443,24.74487,282,,Z,Väike-Õismäe,2026-05-23 07:27:08+03,2026-05-23
2,8,1474,3,59.41266,24.6364,41,,Z,Äigrumäe,2026-05-23 07:27:08+03,2026-05-23
2,8,1476,61,59.453,24.80826,16,,Z,Äigrumäe,2026-05-23 07:27:08+03,2026-05-23
2,8,1710,18,59.41227,24.6352,155,,Z,Väike-Õismäe,2026-05-23 07:27:08+03,2026-05-23
2,8,3393,91,59.43492,24.73262,98,,Z,Äigrumäe,2026-05-23 07:27:08+03,2026-05-23
2,8,1186,50,59.48973,24.87566,240,,Z,Väike-Õismäe,2026-05-23 07:27:38+03,2026-05-23
2,8,1236,34,59.44362,24.74327,205,,Z,Väike-Õismäe,2026-05-23 07:27:38+03,2026-05-23
2,8,1474,3,59.41289,24.63684,27,,Z,Äigrumäe,2026-05-23 07:27:38+03,2026-05-23
2,8,1476,61,59.45434,24.80904,16,,Z,Äigrumäe,2026-05-23 07:27:38+03,2026-05-23
2,8,1710,18,59.41228,24.6352,155,,Z,Väike-Õismäe,2026-05-23 07:27:38+03,2026-05-23
2,8,3393,91,59.43633,24.73286,353,,Z,Äigrumäe,2026-05-23 07:27:38+03,2026-05-23
2,8,1186,50,59.48814,24.87019,239,,Z,Väike-Õismäe,2026-05-23 07:28:09+03,2026-05-23
2,8,1236,34,59.44259,24.74278,204,,Z,Väike-Õismäe,2026-05-23 07:28:09+03,2026-05-23
2,8,1474,3,59.41229,24.63971,112,,Z,Äigrumäe,2026-05-23 07:28:09+03,2026-05-23
2,8,1476,61,59.4574,24.81173,26,,Z,Äigrumäe,2026-05-23 07:28:09+03,2026-05-23
2,8,1710,18,59.41227,24.63521,155,,Z,Väike-Õismäe,2026-05-23 07:28:09+03,2026-05-23
2,8,3393,91,59.43692,24.73338,21,,Z,Äigrumäe,2026-05-23 07:28:09+03,2026-05-23
2,8,1186,50,59.48702,24.86537,257,,Z,Väike-Õismäe,2026-05-23 07:28:39+03,2026-05-23
2,8,1236,34,59.4414,24.74242,224,,Z,Väike-Õismäe,2026-05-23 07:28:39+03,2026-05-23
2,8,1474,3,59.41219,24.64051,109,,Z,Äigrumäe,2026-05-23 07:28:39+03,2026-05-23
2,8,1476,61,59.45818,24.81277,34,,Z,Äigrumäe,2026-05-23 07:28:39+03,2026-05-23
2,8,1710,18,59.41227,24.6352,155,,Z,Väike-Õismäe,2026-05-23 07:28:39+03,2026-05-23
2,8,3393,91,59.43907,24.73618,43,,Z,Äigrumäe,2026-05-23 07:28:39+03,2026-05-23
2,8,1186,50,59.48531,24.86279,203,,Z,Väike-Õismäe,2026-05-23 07:29:09+03,2026-05-23
2,8,1236,34,59.44032,24.73937,237,,Z,Väike-Õismäe,2026-05-23 07:29:09+03,2026-05-23
2,8,1474,3,59.4137,24.64025,337,,Z,Äigrumäe,2026-05-23 07:29:09+03,2026-05-23
2,8,1476,61,59.46012,24.81738,57,,Z,Äigrumäe,2026-05-23 07:29:09+03,2026-05-23
2,8,1710,18,59.41227,24.63519,155,,Z,Väike-Õismäe,2026-05-23 07:29:09+03,2026-05-23
2,8,3393,91,59.43943,24.73721,53,,Z,Äigrumäe,2026-05-23 07:29:09+03,2026-05-23
2,8,1186,50,59.48349,24.85982,219,,Z,Väike-Õismäe,2026-05-23 07:29:39+03,2026-05-23
2,8,1236,34,59.43973,24.73768,238,,Z,Väike-Õismäe,2026-05-23 07:29:39+03,2026-05-23
2,8,1474,3,59.41407,24.63993,337,,Z,Äigrumäe,2026-05-23 07:29:39+03,2026-05-23
2,8,1476,61,59.46174,24.82355,63,,Z,Äigrumäe,2026-05-23 07:29:39+03,2026-05-23
2,8,1710,18,59.41226,24.63519,155,,Z,Väike-Õismäe,2026-05-23 07:29:39+03,2026-05-23
2,8,3393,91,59.43966,24.73804,62,,Z,Äigrumäe,2026-05-23 07:29:39+03,2026-05-23
2,8,1186,50,59.48129,24.85755,212,,Z,Väike-Õismäe,2026-05-23 07:30:09+03,2026-05-23
2,8,1236,34,59.43965,24.73749,238,,Z,Väike-Õismäe,2026-05-23 07:30:09+03,2026-05-23
2,8,1474,3,59.41577,24.63968,3,,Z,Äigrumäe,2026-05-23 07:30:09+03,2026-05-23
2,8,1476,61,59.4623,24.82528,63,,Z,Äigrumäe,2026-05-23 07:30:09+03,2026-05-23
2,8,1710,18,59.41226,24.63518,155,,Z,Väike-Õismäe,2026-05-23 07:30:09+03,2026-05-23
2,8,3393,91,59.43987,24.73865,62,,Z,Äigrumäe,2026-05-23 07:30:09+03,2026-05-23
2,8,1186,50,59.48005,24.85433,228,,Z,Väike-Õismäe,2026-05-23 07:30:40+03,2026-05-23
2,8,1236,34,59.4387,24.73517,232,,Z,Väike-Õismäe,2026-05-23 07:30:40+03,2026-05-23
2,8,1474,3,59.41709,24.64017,8,,Z,Äigrumäe,2026-05-23 07:30:40+03,2026-05-23
2,8,1476,61,59.46415,24.82895,42,,Z,Äigrumäe,2026-05-23 07:30:40+03,2026-05-23
2,8,1710,18,59.41225,24.63518,155,,Z,Väike-Õismäe,2026-05-23 07:30:40+03,2026-05-23
2,8,3393,91,59.44054,24.74027,50,,Z,Äigrumäe,2026-05-23 07:30:40+03,2026-05-23
2,8,1186,50,59.4799,24.85353,228,,Z,Väike-Õismäe,2026-05-23 07:31:10+03,2026-05-23
2,8,1236,34,59.43676,24.73305,204,,Z,Väike-Õismäe,2026-05-23 07:31:10+03,2026-05-23
2,8,1474,3,59.41932,24.64405,61,,Z,Äigrumäe,2026-05-23 07:31:10+03,2026-05-23
2,8,1476,61,59.46622,24.83288,45,,Z,Äigrumäe,2026-05-23 07:31:10+03,2026-05-23
2,8,1710,18,59.41225,24.63519,155,,Z,Väike-Õismäe,2026-05-23 07:31:10+03,2026-05-23
2,8,3393,91,59.44205,24.74414,51,,Z,Äigrumäe,2026-05-23 07:31:10+03,2026-05-23
2,8,1186,50,59.47828,24.84831,225,,Z,Väike-Õismäe,2026-05-23 07:31:41+03,2026-05-23
2,8,1236,34,59.43661,24.73292,204,,Z,Väike-Õismäe,2026-05-23 07:31:41+03,2026-05-23
2,8,1474,3,59.4202,24.64651,9,,Z,Äigrumäe,2026-05-23 07:31:41+03,2026-05-23
2,8,1476,61,59.46755,24.8339,9,,Z,Äigrumäe,2026-05-23 07:31:41+03,2026-05-23
2,8,1710,18,59.41225,24.63518,155,,Z,Väike-Õismäe,2026-05-23 07:31:41+03,2026-05-23
2,8,3393,91,59.44289,24.749,65,,Z,Äigrumäe,2026-05-23 07:31:41+03,2026-05-23
2,8,1186,50,59.47582,24.84598,199,,Z,Väike-Õismäe,2026-05-23 07:32:11+03,2026-05-23
2,8,1236,34,59.43652,24.72919,269,,Z,Väike-Õismäe,2026-05-23 07:32:11+03,2026-05-23
2,8,1474,3,59.42046,24.64465,268,,Z,Äigrumäe,2026-05-23 07:32:11+03,2026-05-23
2,8,1476,61,59.47023,24.83519,14,,Z,Äigrumäe,2026-05-23 07:32:11+03,2026-05-23
2,8,1710,18,59.41225,24.63519,155,,Z,Väike-Õismäe,2026-05-23 07:32:11+03,2026-05-23
2,8,3393,91,59.44343,24.75048,82,,Z,Äigrumäe,2026-05-23 07:32:11+03,2026-05-23
2,8,1186,50,59.47442,24.84191,245,,Z,Väike-Õismäe,2026-05-23 07:32:41+03,2026-05-23
2,8,1236,34,59.43624,24.72823,252,,Z,Väike-Õismäe,2026-05-23 07:32:41+03,2026-05-23
2,8,1474,3,59.42098,24.64394,327,,Z,Äigrumäe,2026-05-23 07:32:41+03,2026-05-23
2,8,1476,61,59.47307,24.83681,18,,Z,Äigrumäe,2026-05-23 07:32:41+03,2026-05-23
2,8,1710,18,59.41225,24.63519,155,,Z,Väike-Õismäe,2026-05-23 07:32:41+03,2026-05-23
2,8,3393,91,59.44333,24.75083,82,,Z,Äigrumäe,2026-05-23 07:32:41+03,2026-05-23
2,8,1186,50,59.47424,24.83806,274,,Z,Väike-Õismäe,2026-05-23 07:33:11+03,2026-05-23
2,8,1236,34,59.4361,24.72784,252,,Z,Väike-Õismäe,2026-05-23 07:33:11+03,2026-05-23
2,8,1474,3,59.42255,24.64546,48,,Z,Äigrumäe,2026-05-23 07:33:11+03,2026-05-23
2,8,1476,61,59.47408,24.83862,99,,Z,Äigrumäe,2026-05-23 07:33:11+03,2026-05-23
2,8,1710,18,59.41227,24.63519,155,,Z,Väike-Õismäe,2026-05-23 07:33:11+03,2026-05-23
2,8,3393,91,59.44189,24.75264,154,,Z,Äigrumäe,2026-05-23 07:33:11+03,2026-05-23
2,8,1186,50,59.47351,24.83696,242,,Z,Väike-Õismäe,2026-05-23 07:33:41+03,2026-05-23
2,8,1236,34,59.43475,24.72444,225,,Z,Väike-Õismäe,2026-05-23 07:33:41+03,2026-05-23
2,8,1474,3,59.42274,24.64594,51,,Z,Äigrumäe,2026-05-23 07:33:41+03,2026-05-23
2,8,1476,61,59.47433,24.84129,79,,Z,Äigrumäe,2026-05-23 07:33:41+03,2026-05-23
2,8,1710,18,59.41226,24.6352,155,,Z,Väike-Õismäe,2026-05-23 07:33:41+03,2026-05-23
2,8,3393,91,59.44029,24.75528,129,,Z,Äigrumäe,2026-05-23 07:33:41+03,2026-05-23
2,8,1186,50,59.47153,24.83564,198,,Z,Väike-Õismäe,2026-05-23 07:34:12+03,2026-05-23
2,8,1236,34,59.43407,24.72275,212,,Z,Väike-Õismäe,2026-05-23 07:34:12+03,2026-05-23
2,8,1474,3,59.42362,24.64826,40,,Z,Äigrumäe,2026-05-23 07:34:12+03,2026-05-23
2,8,1476,61,59.47566,24.84578,46,,Z,Äigrumäe,2026-05-23 07:34:12+03,2026-05-23
2,8,1710,18,59.41226,24.6352,155,,Z,Väike-Õismäe,2026-05-23 07:34:12+03,2026-05-23
2,8,3393,91,59.43947,24.75972,107,,Z,Äigrumäe,2026-05-23 07:34:12+03,2026-05-23
2,8,1186,50,59.46987,24.83481,189,,Z,Väike-Õismäe,2026-05-23 07:34:42+03,2026-05-23
2,8,1236,34,59.43389,24.72176,249,,Z,Väike-Õismäe,2026-05-23 07:34:42+03,2026-05-23
2,8,1474,3,59.42399,24.64939,59,,Z,Äigrumäe,2026-05-23 07:34:42+03,2026-05-23
2,8,1476,61,59.47798,24.84772,41,,Z,Äigrumäe,2026-05-23 07:34:42+03,2026-05-23
2,8,1710,18,59.41226,24.6352,155,,Z,Väike-Õismäe,2026-05-23 07:34:42+03,2026-05-23
2,8,3393,91,59.43953,24.76085,95,,Z,Äigrumäe,2026-05-23 07:34:42+03,2026-05-23
2,8,1186,50,59.46731,24.83347,195,,Z,Väike-Õismäe,2026-05-23 07:35:12+03,2026-05-23
2,8,1236,34,59.4336,24.72035,247,,Z,Väike-Õismäe,2026-05-23 07:35:12+03,2026-05-23
2,8,1474,3,59.42538,24.65527,68,,Z,Äigrumäe,2026-05-23 07:35:12+03,2026-05-23
2,8,1476,61,59.47954,24.85096,48,,Z,Äigrumäe,2026-05-23 07:35:12+03,2026-05-23
2,8,1710,18,59.41227,24.6352,155,,Z,Väike-Õismäe,2026-05-23 07:35:12+03,2026-05-23
2,8,3393,91,59.43982,24.76297,74,,Z,Äigrumäe,2026-05-23 07:35:12+03,2026-05-23
2,8,1186,50,59.46681,24.8326,250,,Z,Väike-Õismäe,2026-05-23 07:35:42+03,2026-05-23
2,8,1236,34,59.43286,24.71676,249,,Z,Väike-Õismäe,2026-05-23 07:35:42+03,2026-05-23
2,8,1474,3,59.42628,24.65912,66,,Z,Äigrumäe,2026-05-23 07:35:42+03,2026-05-23
2,8,1476,61,59.48059,24.8557,47,,Z,Äigrumäe,2026-05-23 07:35:42+03,2026-05-23
2,8,1710,18,59.41226,24.63519,155,,Z,Väike-Õismäe,2026-05-23 07:35:42+03,2026-05-23
2,8,3393,91,59.43992,24.76359,72,,Z,Äigrumäe,2026-05-23 07:35:42+03,2026-05-23
2,8,1186,50,59.46671,24.83278,250,,Z,Väike-Õismäe,2026-05-23 07:36:12+03,2026-05-23
2,8,1236,34,59.4327,24.71613,249,,Z,Väike-Õismäe,2026-05-23 07:36:12+03,2026-05-23
2,8,1474,3,59.42682,24.66233,72,,Z,Äigrumäe,2026-05-23 07:36:12+03,2026-05-23
2,8,1476,61,59.48236,24.85863,22,,Z,Äigrumäe,2026-05-23 07:36:12+03,2026-05-23
2,8,1710,18,59.41226,24.63519,155,,Z,Väike-Õismäe,2026-05-23 07:36:12+03,2026-05-23
2,8,3393,91,59.44121,24.77008,68,,Z,Äigrumäe,2026-05-23 07:36:12+03,2026-05-23
2,8,1186,50,59.46638,24.83277,250,,Z,Väike-Õismäe,2026-05-23 07:36:42+03,2026-05-23
2,8,1236,34,59.43212,24.71372,242,,Z,Väike-Õismäe,2026-05-23 07:36:42+03,2026-05-23
2,8,1474,3,59.42761,24.66894,78,,Z,Äigrumäe,2026-05-23 07:36:42+03,2026-05-23
2,8,1476,61,59.4842,24.86079,33,,Z,Äigrumäe,2026-05-23 07:36:42+03,2026-05-23
2,8,1710,18,59.41226,24.63519,155,,Z,Väike-Õismäe,2026-05-23 07:36:42+03,2026-05-23
2,8,3393,91,59.44168,24.77224,66,,Z,Äigrumäe,2026-05-23 07:36:42+03,2026-05-23
2,8,1186,50,59.46467,24.82939,225,,Z,Väike-Õismäe,2026-05-23 07:37:12+03,2026-05-23
2,8,1236,34,59.43184,24.71297,233,,Z,Väike-Õismäe,2026-05-23 07:37:12+03,2026-05-23
2,8,1474,3,59.42785,24.67299,82,,Z,Äigrumäe,2026-05-23 07:37:12+03,2026-05-23
2,8,1476,61,59.4862,24.86359,23,,Z,Äigrumäe,2026-05-23 07:37:12+03,2026-05-23
2,8,1710,18,59.41226,24.63519,155,,Z,Väike-Õismäe,2026-05-23 07:37:12+03,2026-05-23
2,8,3393,91,59.44223,24.77468,68,,Z,Äigrumäe,2026-05-23 07:37:12+03,2026-05-23
2,8,1186,50,59.46355,24.82706,226,,Z,Väike-Õismäe,2026-05-23 07:37:42+03,2026-05-23
2,8,1236,34,59.43015,24.7074,240,,Z,Väike-Õismäe,2026-05-23 07:37:42+03,2026-05-23
2,8,1474,3,59.42846,24.67879,75,,Z,Äigrumäe,2026-05-23 07:37:42+03,2026-05-23
2,8,1476,61,59.48708,24.86611,71,,Z,Äigrumäe,2026-05-23 07:37:42+03,2026-05-23
2,8,1710,18,59.41225,24.6352,155,,Z,Väike-Õismäe,2026-05-23 07:37:42+03,2026-05-23
2,8,3393,91,59.44229,24.77498,68,,Z,Äigrumäe,2026-05-23 07:37:42+03,2026-05-23
2,8,1186,50,59.46223,24.82414,230,,Z,Väike-Õismäe,2026-05-23 07:38:13+03,2026-05-23
2,8,1236,34,59.43002,24.70697,240,,Z,Väike-Õismäe,2026-05-23 07:38:13+03,2026-05-23
2,8,1474,3,59.42869,24.68072,76,,Z,Äigrumäe,2026-05-23 07:38:13+03,2026-05-23
2,8,1476,61,59.48759,24.86836,60,,Z,Äigrumäe,2026-05-23 07:38:13+03,2026-05-23
2,8,1710,18,59.41225,24.63521,155,,Z,Väike-Õismäe,2026-05-23 07:38:13+03,2026-05-23
2,8,3393,91,59.44344,24.78187,80,,Z,Äigrumäe,2026-05-23 07:38:13+03,2026-05-23
2,8,1186,50,59.46075,24.81802,244,,Z,Väike-Õismäe,2026-05-23 07:38:43+03,2026-05-23
2,8,1236,34,59.42976,24.70617,237,,Z,Väike-Õismäe,2026-05-23 07:38:43+03,2026-05-23
2,8,1474,3,59.4293,24.68619,77,,Z,Äigrumäe,2026-05-23 07:38:43+03,2026-05-23
2,8,1476,61,59.48853,24.87168,62,,Z,Äigrumäe,2026-05-23 07:38:43+03,2026-05-23
2,8,1710,18,59.41225,24.6352,155,,Z,Väike-Õismäe,2026-05-23 07:38:43+03,2026-05-23
2,8,3393,91,59.44344,24.78306,92,,Z,Äigrumäe,2026-05-23 07:38:43+03,2026-05-23
2,8,1186,50,59.45909,24.81376,223,,Z,Väike-Õismäe,2026-05-23 07:39:13+03,2026-05-23
2,8,1236,34,59.42948,24.70537,235,,Z,Väike-Õismäe,2026-05-23 07:39:13+03,2026-05-23
2,8,1474,3,59.42954,24.69202,86,,Z,Äigrumäe,2026-05-23 07:39:13+03,2026-05-23
2,8,1476,61,59.48919,24.87385,60,,Z,Äigrumäe,2026-05-23 07:39:13+03,2026-05-23
2,8,1710,18,59.41225,24.6352,155,,Z,Väike-Õismäe,2026-05-23 07:39:13+03,2026-05-23
2,8,3393,91,59.44254,24.78908,115,,Z,Äigrumäe,2026-05-23 07:39:13+03,2026-05-23
2,8,1186,50,59.45679,24.81067,204,,Z,Väike-Õismäe,2026-05-23 07:39:43+03,2026-05-23
2,8,1236,34,59.4293,24.70436,250,,Z,Väike-Õismäe,2026-05-23 07:39:43+03,2026-05-23
2,8,1474,3,59.42959,24.69354,87,,Z,Äigrumäe,2026-05-23 07:39:43+03,2026-05-23
2,8,1476,61,59.49061,24.87872,59,,Z,Äigrumäe,2026-05-23 07:39:43+03,2026-05-23
2,8,1710,18,59.41226,24.6352,155,,Z,Väike-Õismäe,2026-05-23 07:39:43+03,2026-05-23
2,8,3393,91,59.44238,24.79102,101,,Z,Äigrumäe,2026-05-23 07:39:43+03,2026-05-23
2,8,1186,50,59.45398,24.80832,199,,Z,Väike-Õismäe,2026-05-23 07:40:13+03,2026-05-23
2,8,1236,34,59.42943,24.69899,278,,Z,Väike-Õismäe,2026-05-23 07:40:13+03,2026-05-23
2,8,1474,3,59.42932,24.69802,99,,Z,Äigrumäe,2026-05-23 07:40:13+03,2026-05-23
2,8,1476,61,59.48955,24.8807,166,,Z,Äigrumäe,2026-05-23 07:40:13+03,2026-05-23
2,8,1710,18,59.41226,24.6352,155,,Z,Väike-Õismäe,2026-05-23 07:40:13+03,2026-05-23
2,8,3393,91,59.44289,24.79459,75,,Z,Äigrumäe,2026-05-23 07:40:13+03,2026-05-23
2,8,1186,50,59.45152,24.80683,197,,Z,Väike-Õismäe,2026-05-23 07:40:43+03,2026-05-23
2,8,1236,34,59.42955,24.69671,276,,Z,Väike-Õismäe,2026-05-23 07:40:43+03,2026-05-23
2,8,1474,3,59.4293,24.69924,93,,Z,Äigrumäe,2026-05-23 07:40:43+03,2026-05-23
2,8,1476,61,59.48673,24.8817,155,,Z,Äigrumäe,2026-05-23 07:40:43+03,2026-05-23
2,8,1710,18,59.41226,24.6352,155,,Z,Väike-Õismäe,2026-05-23 07:40:43+03,2026-05-23
2,8,3393,91,59.44389,24.79665,36,,Z,Äigrumäe,2026-05-23 07:40:43+03,2026-05-23
2,8,1186,50,59.44846,24.80307,216,,Z,Väike-Õismäe,2026-05-23 07:41:13+03,2026-05-23
2,8,1236,34,59.42985,24.69126,277,,Z,Väike-Õismäe,2026-05-23 07:41:13+03,2026-05-23
2,8,1474,3,59.42929,24.69959,93,,Z,Äigrumäe,2026-05-23 07:41:13+03,2026-05-23
2,8,1476,61,59.4841,24.88447,151,,Z,Äigrumäe,2026-05-23 07:41:13+03,2026-05-23
2,8,1710,18,59.41226,24.6352,155,,Z,Väike-Õismäe,2026-05-23 07:41:13+03,2026-05-23
2,8,3393,91,59.44597,24.7999,38,,Z,Äigrumäe,2026-05-23 07:41:13+03,2026-05-23
2,8,1186,50,59.44816,24.80263,216,,Z,Väike-Õismäe,2026-05-23 07:41:43+03,2026-05-23
2,8,1236,34,59.4298,24.68837,268,,Z,Väike-Õismäe,2026-05-23 07:41:43+03,2026-05-23
2,8,1474,3,59.4292,24.70365,87,,Z,Äigrumäe,2026-05-23 07:41:43+03,2026-05-23
2,8,1476,61,59.48202,24.88825,138,,Z,Äigrumäe,2026-05-23 07:41:43+03,2026-05-23
2,8,1710,18,59.41226,24.63521,155,,Z,Väike-Õismäe,2026-05-23 07:41:43+03,2026-05-23
2,8,3393,91,59.4465,24.80071,38,,Z,Äigrumäe,2026-05-23 07:41:43+03,2026-05-23
2,8,1186,50,59.44515,24.79804,218,,Z,Väike-Õismäe,2026-05-23 07:42:13+03,2026-05-23
2,8,1236,34,59.429,24.68056,256,,Z,Väike-Õismäe,2026-05-23 07:42:13+03,2026-05-23
2,8,1474,3,59.4297,24.70678,65,,Z,Äigrumäe,2026-05-23 07:42:13+03,2026-05-23
2,8,1476,61,59.48107,24.89069,138,,Z,Äigrumäe,2026-05-23 07:42:13+03,2026-05-23
2,8,1710,18,59.41226,24.6352,155,,Z,Väike-Õismäe,2026-05-23 07:42:13+03,2026-05-23
2,8,3393,91,59.44885,24.80426,36,,Z,Äigrumäe,2026-05-23 07:42:13+03,2026-05-23
2,8,1186,50,59.44311,24.79454,228,,Z,Väike-Õismäe,2026-05-23 07:42:44+03,2026-05-23
2,8,1236,34,59.42809,24.67266,257,,Z,Väike-Õismäe,2026-05-23 07:42:44+03,2026-05-23
2,8,1474,3,59.43101,24.71145,57,,Z,Äigrumäe,2026-05-23 07:42:44+03,2026-05-23
2,8,1476,61,59.48131,24.89085,94,,Z,Äigrumäe,2026-05-23 07:42:44+03,2026-05-23
2,8,1710,18,59.41225,24.6352,155,,Z,Väike-Õismäe,2026-05-23 07:42:44+03,2026-05-23
2,8,3393,91,59.45148,24.80733,25,,Z,Äigrumäe,2026-05-23 07:42:44+03,2026-05-23
2,8,1186,50,59.44279,24.78885,287,,Z,Väike-Õismäe,2026-05-23 07:43:14+03,2026-05-23
2,8,1236,34,59.42744,24.66463,258,,Z,Väike-Õismäe,2026-05-23 07:43:14+03,2026-05-23
2,8,1474,3,59.4313,24.71254,60,,Z,Äigrumäe,2026-05-23 07:43:14+03,2026-05-23
2,8,1476,61,59.48131,24.89081,94,,Z,Äigrumäe,2026-05-23 07:43:14+03,2026-05-23
2,8,1710,18,59.41225,24.6352,155,,Z,Väike-Õismäe,2026-05-23 07:43:14+03,2026-05-23
2,8,3393,91,59.45423,24.80899,16,,Z,Äigrumäe,2026-05-23 07:43:14+03,2026-05-23
2,8,1186,50,59.44291,24.78837,287,,Z,Väike-Õismäe,2026-05-23 07:43:44+03,2026-05-23
2,8,1236,34,59.4264,24.65808,250,,Z,Väike-Õismäe,2026-05-23 07:43:44+03,2026-05-23
2,8,1474,3,59.43254,24.71617,56,,Z,Äigrumäe,2026-05-23 07:43:44+03,2026-05-23
2,8,1476,61,59.48132,24.89083,94,,Z,Äigrumäe,2026-05-23 07:43:44+03,2026-05-23
2,8,1710,18,59.41226,24.6352,155,,Z,Väike-Õismäe,2026-05-23 07:43:44+03,2026-05-23
2,8,3393,91,59.4571,24.81143,24,,Z,Äigrumäe,2026-05-23 07:43:44+03,2026-05-23
2,8,1186,50,59.44343,24.78462,279,,Z,Väike-Õismäe,2026-05-23 07:44:14+03,2026-05-23
2,8,1236,34,59.42613,24.65704,250,,Z,Väike-Õismäe,2026-05-23 07:44:14+03,2026-05-23
2,8,1474,3,59.43347,24.71975,66,,Z,Äigrumäe,2026-05-23 07:44:14+03,2026-05-23
2,8,1476,61,59.48133,24.89083,94,,Z,Äigrumäe,2026-05-23 07:44:14+03,2026-05-23
2,8,1710,19,59.41212,24.63574,155,,Z,Äigrumäe,2026-05-23 07:44:14+03,2026-05-23
2,8,3393,91,59.45768,24.81207,26,,Z,Äigrumäe,2026-05-23 07:44:14+03,2026-05-23
2,8,1186,50,59.44352,24.77991,263,,Z,Väike-Õismäe,2026-05-23 07:44:44+03,2026-05-23
2,8,1236,34,59.42467,24.65057,248,,Z,Väike-Õismäe,2026-05-23 07:44:44+03,2026-05-23
2,8,1474,3,59.43389,24.72188,68,,Z,Äigrumäe,2026-05-23 07:44:44+03,2026-05-23
2,8,1476,61,59.48133,24.89085,94,,Z,Äigrumäe,2026-05-23 07:44:44+03,2026-05-23
2,8,1710,19,59.41273,24.63644,63,,Z,Äigrumäe,2026-05-23 07:44:44+03,2026-05-23
2,8,3393,91,59.45978,24.81635,51,,Z,Äigrumäe,2026-05-23 07:44:44+03,2026-05-23
2,8,1186,50,59.44304,24.77783,245,,Z,Väike-Õismäe,2026-05-23 07:45:14+03,2026-05-23
2,8,1236,34,59.42405,24.64849,239,,Z,Väike-Õismäe,2026-05-23 07:45:14+03,2026-05-23
2,8,1474,3,59.43421,24.7237,69,,Z,Äigrumäe,2026-05-23 07:45:14+03,2026-05-23
2,8,1476,62,59.48132,24.89083,94,,Z,Väike-Õismäe,2026-05-23 07:45:14+03,2026-05-23
2,8,1710,19,59.4126,24.63825,104,,Z,Äigrumäe,2026-05-23 07:45:14+03,2026-05-23
2,8,3393,91,59.46078,24.81992,64,,Z,Äigrumäe,2026-05-23 07:45:14+03,2026-05-23
2,8,1186,50,59.44186,24.77245,246,,Z,Väike-Õismäe,2026-05-23 07:45:44+03,2026-05-23
2,8,1236,34,59.42373,24.6475,237,,Z,Väike-Õismäe,2026-05-23 07:45:44+03,2026-05-23
2,8,1474,3,59.43457,24.72537,69,,Z,Äigrumäe,2026-05-23 07:45:44+03,2026-05-23
2,8,1476,62,59.4813,24.89079,94,,Z,Väike-Õismäe,2026-05-23 07:45:44+03,2026-05-23
2,8,1710,19,59.41228,24.63966,114,,Z,Äigrumäe,2026-05-23 07:45:44+03,2026-05-23
2,8,3393,91,59.46148,24.82254,61,,Z,Äigrumäe,2026-05-23 07:45:44+03,2026-05-23
2,8,1186,50,59.44127,24.76961,246,,Z,Väike-Õismäe,2026-05-23 07:46:14+03,2026-05-23
2,8,1236,34,59.42304,24.6458,211,,Z,Väike-Õismäe,2026-05-23 07:46:14+03,2026-05-23
2,8,1474,3,59.43481,24.72741,76,,Z,Äigrumäe,2026-05-23 07:46:14+03,2026-05-23
2,8,1476,62,59.48129,24.89078,94,,Z,Väike-Õismäe,2026-05-23 07:46:14+03,2026-05-23
2,8,1710,19,59.4122,24.64103,94,,Z,Äigrumäe,2026-05-23 07:46:14+03,2026-05-23
2,8,3393,91,59.46217,24.82503,62,,Z,Äigrumäe,2026-05-23 07:46:14+03,2026-05-23
2,8,1186,50,59.44072,24.76715,249,,Z,Väike-Õismäe,2026-05-23 07:46:45+03,2026-05-23
2,8,1236,34,59.42149,24.64902,145,,Z,Väike-Õismäe,2026-05-23 07:46:45+03,2026-05-23
2,8,1474,3,59.43495,24.73202,97,,Z,Äigrumäe,2026-05-23 07:46:45+03,2026-05-23
2,8,1476,62,59.48095,24.89026,94,,Z,Väike-Õismäe,2026-05-23 07:46:45+03,2026-05-23
2,8,1710,19,59.41386,24.64014,339,,Z,Äigrumäe,2026-05-23 07:46:45+03,2026-05-23
2,8,3393,91,59.46352,24.8278,46,,Z,Äigrumäe,2026-05-23 07:46:45+03,2026-05-23
2,8,1186,50,59.44019,24.76397,251,,Z,Väike-Õismäe,2026-05-23 07:47:15+03,2026-05-23
2,8,1236,34,59.42047,24.6472,242,,Z,Väike-Õismäe,2026-05-23 07:47:15+03,2026-05-23
2,8,1474,3,59.43623,24.73275,352,,Z,Äigrumäe,2026-05-23 07:47:15+03,2026-05-23
2,8,1476,62,59.48266,24.88715,318,,Z,Väike-Õismäe,2026-05-23 07:47:15+03,2026-05-23
2,8,1710,19,59.41471,24.63966,343,,Z,Äigrumäe,2026-05-23 07:47:15+03,2026-05-23
2,8,3393,91,59.46579,24.83202,44,,Z,Äigrumäe,2026-05-23 07:47:15+03,2026-05-23
2,8,1186,50,59.43981,24.76073,265,,Z,Väike-Õismäe,2026-05-23 07:47:45+03,2026-05-23
2,8,1236,34,59.4204,24.64683,242,,Z,Väike-Õismäe,2026-05-23 07:47:45+03,2026-05-23
2,8,1474,3,59.43695,24.73336,17,,Z,Äigrumäe,2026-05-23 07:47:45+03,2026-05-23
2,8,1476,62,59.48461,24.88397,331,,Z,Väike-Õismäe,2026-05-23 07:47:45+03,2026-05-23
2,8,1710,19,59.41573,24.63969,358,,Z,Äigrumäe,2026-05-23 07:47:45+03,2026-05-23
2,8,3393,91,59.46729,24.83385,21,,Z,Äigrumäe,2026-05-23 07:47:45+03,2026-05-23
2,8,1186,50,59.43987,24.76024,265,,Z,Väike-Õismäe,2026-05-23 07:48:15+03,2026-05-23
2,8,1236,34,59.41932,24.64293,233,,Z,Väike-Õismäe,2026-05-23 07:48:15+03,2026-05-23
2,8,1474,3,59.43921,24.73653,49,,Z,Äigrumäe,2026-05-23 07:48:15+03,2026-05-23
2,8,1476,62,59.48666,24.88182,331,,Z,Väike-Õismäe,2026-05-23 07:48:15+03,2026-05-23
2,8,1710,19,59.41766,24.64071,25,,Z,Äigrumäe,2026-05-23 07:48:15+03,2026-05-23
2,8,3393,91,59.46796,24.8341,10,,Z,Äigrumäe,2026-05-23 07:48:15+03,2026-05-23
2,8,1186,50,59.44029,24.75852,294,,Z,Väike-Õismäe,2026-05-23 07:48:45+03,2026-05-23
2,8,1236,34,59.41638,24.6398,195,,Z,Väike-Õismäe,2026-05-23 07:48:45+03,2026-05-23
2,8,1474,3,59.43966,24.73809,59,,Z,Äigrumäe,2026-05-23 07:48:45+03,2026-05-23
2,8,1476,62,59.48963,24.88067,349,,Z,Väike-Õismäe,2026-05-23 07:48:45+03,2026-05-23
2,8,1710,19,59.41942,24.64441,64,,Z,Äigrumäe,2026-05-23 07:48:45+03,2026-05-23
2,8,3393,91,59.46894,24.83462,15,,Z,Äigrumäe,2026-05-23 07:48:45+03,2026-05-23
2,8,1186,50,59.4412,24.75375,288,,Z,Väike-Õismäe,2026-05-23 07:49:15+03,2026-05-23
2,8,1236,34,59.41351,24.64022,165,,Z,Väike-Õismäe,2026-05-23 07:49:15+03,2026-05-23
2,8,1474,3,59.44061,24.74047,52,,Z,Äigrumäe,2026-05-23 07:49:15+03,2026-05-23
2,8,1476,62,59.49078,24.87914,275,,Z,Väike-Õismäe,2026-05-23 07:49:15+03,2026-05-23
2,8,1710,19,59.42022,24.6465,0,,Z,Äigrumäe,2026-05-23 07:49:15+03,2026-05-23
2,8,3393,91,59.4715,24.83584,13,,Z,Äigrumäe,2026-05-23 07:49:15+03,2026-05-23
2,8,1186,50,59.44369,24.75213,346,,Z,Väike-Õismäe,2026-05-23 07:49:45+03,2026-05-23
2,8,1236,34,59.41298,24.64045,159,,Z,Väike-Õismäe,2026-05-23 07:49:45+03,2026-05-23
2,8,1474,3,59.44191,24.74384,53,,Z,Äigrumäe,2026-05-23 07:49:45+03,2026-05-23
2,8,1476,62,59.49063,24.87871,275,,Z,Väike-Õismäe,2026-05-23 07:49:45+03,2026-05-23
2,8,1710,19,59.42044,24.6447,308,,Z,Äigrumäe,2026-05-23 07:49:45+03,2026-05-23
2,8,3393,91,59.47393,24.8375,22,,Z,Äigrumäe,2026-05-23 07:49:45+03,2026-05-23
2,8,1186,50,59.44379,24.75132,284,,Z,Väike-Õismäe,2026-05-23 07:50:15+03,2026-05-23
2,8,1236,34,59.41287,24.63763,293,,Z,Väike-Õismäe,2026-05-23 07:50:15+03,2026-05-23
2,8,1474,3,59.44246,24.74749,67,,Z,Äigrumäe,2026-05-23 07:50:15+03,2026-05-23
2,8,1476,62,59.48928,24.8741,240,,Z,Väike-Õismäe,2026-05-23 07:50:15+03,2026-05-23
2,8,1710,19,59.42088,24.64407,323,,Z,Äigrumäe,2026-05-23 07:50:15+03,2026-05-23
2,8,3393,91,59.47409,24.83868,65,,Z,Äigrumäe,2026-05-23 07:50:15+03,2026-05-23
2,8,1186,50,59.44401,24.74936,281,,Z,Väike-Õismäe,2026-05-23 07:50:46+03,2026-05-23
2,8,1236,34,59.41324,24.63455,282,,Z,Väike-Õismäe,2026-05-23 07:50:46+03,2026-05-23
2,8,1474,3,59.44355,24.74965,7,,Z,Äigrumäe,2026-05-23 07:50:46+03,2026-05-23
2,8,1476,62,59.48832,24.87067,243,,Z,Väike-Õismäe,2026-05-23 07:50:46+03,2026-05-23
2,8,1710,19,59.4224,24.64512,48,,Z,Äigrumäe,2026-05-23 07:50:46+03,2026-05-23
2,8,3393,91,59.47443,24.8418,78,,Z,Äigrumäe,2026-05-23 07:50:46+03,2026-05-23
2,8,1186,50,59.44442,24.74513,282,,Z,Väike-Õismäe,2026-05-23 07:51:16+03,2026-05-23
2,8,1236,34,59.41226,24.63516,164,,Z,Väike-Õismäe,2026-05-23 07:51:16+03,2026-05-23
2,8,1474,3,59.44345,24.75041,91,,Z,Äigrumäe,2026-05-23 07:51:16+03,2026-05-23
2,8,1476,62,59.48752,24.86808,239,,Z,Väike-Õismäe,2026-05-23 07:51:16+03,2026-05-23
2,8,1710,19,59.42356,24.64803,47,,Z,Äigrumäe,2026-05-23 07:51:16+03,2026-05-23
2,8,3393,91,59.47601,24.84618,43,,Z,Äigrumäe,2026-05-23 07:51:16+03,2026-05-23
2,8,1186,50,59.44374,24.74335,206,,Z,Väike-Õismäe,2026-05-23 07:51:46+03,2026-05-23
2,8,1236,34,59.41226,24.63516,164,,Z,Väike-Õismäe,2026-05-23 07:51:46+03,2026-05-23
2,8,1474,3,59.44327,24.75099,91,,Z,Äigrumäe,2026-05-23 07:51:46+03,2026-05-23
2,8,1476,62,59.48704,24.86528,259,,Z,Väike-Õismäe,2026-05-23 07:51:46+03,2026-05-23
2,8,1710,19,59.4237,24.6485,47,,Z,Äigrumäe,2026-05-23 07:51:46+03,2026-05-23
2,8,3393,91,59.47801,24.84778,42,,Z,Äigrumäe,2026-05-23 07:51:46+03,2026-05-23
2,8,1186,50,59.44268,24.74259,204,,Z,Väike-Õismäe,2026-05-23 07:52:16+03,2026-05-23
2,8,1236,34,59.41226,24.63516,164,,Z,Väike-Õismäe,2026-05-23 07:52:16+03,2026-05-23
2,8,1474,3,59.44138,24.75312,154,,Z,Äigrumäe,2026-05-23 07:52:16+03,2026-05-23
2,8,1476,62,59.48566,24.86311,203,,Z,Väike-Õismäe,2026-05-23 07:52:16+03,2026-05-23
2,8,1710,19,59.42467,24.65208,64,,Z,Äigrumäe,2026-05-23 07:52:16+03,2026-05-23
2,8,3393,91,59.47968,24.85158,44,,Z,Äigrumäe,2026-05-23 07:52:16+03,2026-05-23
2,8,1186,50,59.44218,24.74352,164,,Z,Väike-Õismäe,2026-05-23 07:52:46+03,2026-05-23
2,8,1236,34,59.41226,24.63516,164,,Z,Väike-Õismäe,2026-05-23 07:52:46+03,2026-05-23
2,8,1474,3,59.4404,24.75498,127,,Z,Äigrumäe,2026-05-23 07:52:46+03,2026-05-23
2,8,1476,62,59.48346,24.85984,216,,Z,Väike-Õismäe,2026-05-23 07:52:46+03,2026-05-23
2,8,1710,19,59.42605,24.65789,61,,Z,Äigrumäe,2026-05-23 07:52:46+03,2026-05-23
2,8,3393,91,59.48065,24.85587,48,,Z,Äigrumäe,2026-05-23 07:52:46+03,2026-05-23
2,8,1186,50,59.4405,24.73985,236,,Z,Väike-Õismäe,2026-05-23 07:53:16+03,2026-05-23
2,8,1236,34,59.41226,24.63516,164,,Z,Väike-Õismäe,2026-05-23 07:53:16+03,2026-05-23
2,8,1474,3,59.4396,24.75816,111,,Z,Äigrumäe,2026-05-23 07:53:16+03,2026-05-23
2,8,1476,62,59.48253,24.8588,209,,Z,Väike-Õismäe,2026-05-23 07:53:16+03,2026-05-23
2,8,1710,19,59.42662,24.66102,70,,Z,Äigrumäe,2026-05-23 07:53:16+03,2026-05-23
2,8,3393,91,59.48255,24.85883,23,,Z,Äigrumäe,2026-05-23 07:53:16+03,2026-05-23
2,8,1186,50,59.43972,24.73767,238,,Z,Väike-Õismäe,2026-05-23 07:53:46+03,2026-05-23
2,8,1236,34,59.41223,24.63514,164,,Z,Väike-Õismäe,2026-05-23 07:53:46+03,2026-05-23
2,8,1474,3,59.43947,24.7602,99,,Z,Äigrumäe,2026-05-23 07:53:46+03,2026-05-23
2,8,1476,62,59.48052,24.85552,234,,Z,Väike-Õismäe,2026-05-23 07:53:46+03,2026-05-23
2,8,1710,19,59.42752,24.66802,76,,Z,Äigrumäe,2026-05-23 07:53:46+03,2026-05-23
2,8,3393,91,59.48475,24.86195,44,,Z,Äigrumäe,2026-05-23 07:53:46+03,2026-05-23
2,8,1186,50,59.43949,24.737,238,,Z,Väike-Õismäe,2026-05-23 07:54:16+03,2026-05-23
2,8,1236,34,59.41226,24.63519,164,,Z,Väike-Õismäe,2026-05-23 07:54:16+03,2026-05-23
2,8,1474,3,59.43981,24.76293,74,,Z,Äigrumäe,2026-05-23 07:54:16+03,2026-05-23
2,8,1476,62,59.48003,24.85431,227,,Z,Väike-Õismäe,2026-05-23 07:54:16+03,2026-05-23
2,8,1710,19,59.4278,24.67245,84,,Z,Äigrumäe,2026-05-23 07:54:16+03,2026-05-23
2,8,3393,91,59.48691,24.86457,37,,Z,Äigrumäe,2026-05-23 07:54:16+03,2026-05-23
2,8,1186,50,59.43755,24.73374,214,,Z,Väike-Õismäe,2026-05-23 07:54:47+03,2026-05-23
2,8,1236,34,59.41226,24.63519,164,,Z,Väike-Õismäe,2026-05-23 07:54:47+03,2026-05-23
2,8,1474,3,59.43981,24.76295,74,,Z,Äigrumäe,2026-05-23 07:54:47+03,2026-05-23
2,8,1476,62,59.47904,24.84989,224,,Z,Väike-Õismäe,2026-05-23 07:54:47+03,2026-05-23
2,8,1710,19,59.42822,24.67691,76,,Z,Äigrumäe,2026-05-23 07:54:47+03,2026-05-23
2,8,3393,91,59.48714,24.86668,81,,Z,Äigrumäe,2026-05-23 07:54:47+03,2026-05-23
2,8,1186,50,59.43673,24.73306,203,,Z,Väike-Õismäe,2026-05-23 07:55:17+03,2026-05-23
2,8,1236,34,59.41226,24.63519,164,,Z,Väike-Õismäe,2026-05-23 07:55:17+03,2026-05-23
2,8,1474,3,59.4401,24.76458,70,,Z,Äigrumäe,2026-05-23 07:55:17+03,2026-05-23
2,8,1476,62,59.47699,24.84653,197,,Z,Väike-Õismäe,2026-05-23 07:55:17+03,2026-05-23
2,8,1710,19,59.42868,24.68067,76,,Z,Äigrumäe,2026-05-23 07:55:17+03,2026-05-23
2,8,3393,91,59.48811,24.87013,60,,Z,Äigrumäe,2026-05-23 07:55:17+03,2026-05-23
2,8,1186,50,59.43653,24.73272,203,,Z,Väike-Õismäe,2026-05-23 07:55:47+03,2026-05-23
2,8,1236,34,59.41226,24.63519,164,,Z,Väike-Õismäe,2026-05-23 07:55:47+03,2026-05-23
2,8,1474,3,59.44122,24.77021,68,,Z,Äigrumäe,2026-05-23 07:55:47+03,2026-05-23
2,8,1476,62,59.475,24.84442,221,,Z,Väike-Õismäe,2026-05-23 07:55:47+03,2026-05-23
2,8,1710,19,59.42896,24.6833,77,,Z,Äigrumäe,2026-05-23 07:55:47+03,2026-05-23
2,8,3393,91,59.48937,24.87448,60,,Z,Äigrumäe,2026-05-23 07:55:47+03,2026-05-23
2,8,1186,50,59.43657,24.72943,270,,Z,Väike-Õismäe,2026-05-23 07:56:17+03,2026-05-23
2,8,1236,34,59.41226,24.63519,164,,Z,Väike-Õismäe,2026-05-23 07:56:17+03,2026-05-23
2,8,1474,3,59.44172,24.77236,66,,Z,Äigrumäe,2026-05-23 07:56:17+03,2026-05-23
2,8,1476,62,59.4741,24.83936,259,,Z,Väike-Õismäe,2026-05-23 07:56:17+03,2026-05-23
2,8,1710,19,59.42945,24.68919,85,,Z,Äigrumäe,2026-05-23 07:56:17+03,2026-05-23
2,8,3393,91,59.49067,24.879,60,,Z,Äigrumäe,2026-05-23 07:56:17+03,2026-05-23
2,8,1186,50,59.4363,24.72831,255,,Z,Väike-Õismäe,2026-05-23 07:56:47+03,2026-05-23
2,8,1236,34,59.41226,24.63519,164,,Z,Väike-Õismäe,2026-05-23 07:56:47+03,2026-05-23
2,8,1474,3,59.44221,24.77459,68,,Z,Äigrumäe,2026-05-23 07:56:47+03,2026-05-23
2,8,1476,62,59.47422,24.83802,270,,Z,Väike-Õismäe,2026-05-23 07:56:47+03,2026-05-23
2,8,1710,19,59.42955,24.69275,85,,Z,Äigrumäe,2026-05-23 07:56:47+03,2026-05-23
2,8,3393,91,59.48985,24.8805,159,,Z,Äigrumäe,2026-05-23 07:56:47+03,2026-05-23
2,8,1186,50,59.43598,24.7274,235,,Z,Väike-Õismäe,2026-05-23 07:57:17+03,2026-05-23
2,8,1236,34,59.41226,24.63519,164,,Z,Väike-Õismäe,2026-05-23 07:57:17+03,2026-05-23
2,8,1474,3,59.44258,24.77629,66,,Z,Äigrumäe,2026-05-23 07:57:17+03,2026-05-23
2,8,1476,62,59.47423,24.83802,270,,Z,Väike-Õismäe,2026-05-23 07:57:17+03,2026-05-23
2,8,1710,19,59.42946,24.69609,95,,Z,Äigrumäe,2026-05-23 07:57:17+03,2026-05-23
2,8,3393,91,59.48774,24.88096,176,,Z,Äigrumäe,2026-05-23 07:57:17+03,2026-05-23
2,8,1186,50,59.43435,24.72386,213,,Z,Väike-Õismäe,2026-05-23 07:57:47+03,2026-05-23
2,8,1236,34,59.41227,24.63517,164,,Z,Väike-Õismäe,2026-05-23 07:57:47+03,2026-05-23
2,8,1474,3,59.44342,24.78228,89,,Z,Äigrumäe,2026-05-23 07:57:47+03,2026-05-23
2,8,1476,62,59.4741,24.8372,270,,Z,Väike-Õismäe,2026-05-23 07:57:47+03,2026-05-23
2,8,1710,19,59.42933,24.698,98,,Z,Äigrumäe,2026-05-23 07:57:47+03,2026-05-23
2,8,3393,91,59.48504,24.88347,152,,Z,Äigrumäe,2026-05-23 07:57:47+03,2026-05-23
2,8,1186,50,59.4338,24.72111,248,,Z,Väike-Õismäe,2026-05-23 07:58:17+03,2026-05-23
2,8,1236,34,59.41227,24.63517,164,,Z,Väike-Õismäe,2026-05-23 07:58:17+03,2026-05-23
2,8,1474,3,59.44328,24.78531,96,,Z,Äigrumäe,2026-05-23 07:58:17+03,2026-05-23
2,8,1476,62,59.47352,24.83695,235,,Z,Väike-Õismäe,2026-05-23 07:58:17+03,2026-05-23
2,8,1710,19,59.42925,24.69986,97,,Z,Äigrumäe,2026-05-23 07:58:17+03,2026-05-23
2,8,3393,91,59.48374,24.88489,151,,Z,Äigrumäe,2026-05-23 07:58:17+03,2026-05-23
2,8,1186,50,59.43304,24.71726,249,,Z,Väike-Õismäe,2026-05-23 07:58:48+03,2026-05-23
2,8,1236,34,59.41227,24.63517,164,,Z,Väike-Õismäe,2026-05-23 07:58:48+03,2026-05-23
2,8,1474,3,59.44238,24.79065,108,,Z,Äigrumäe,2026-05-23 07:58:48+03,2026-05-23
2,8,1476,62,59.47053,24.83501,197,,Z,Väike-Õismäe,2026-05-23 07:58:48+03,2026-05-23
2,8,1710,19,59.42921,24.70249,86,,Z,Äigrumäe,2026-05-23 07:58:48+03,2026-05-23
2,8,3393,91,59.48239,24.88761,138,,Z,Äigrumäe,2026-05-23 07:58:48+03,2026-05-23
2,8,1186,50,59.4321,24.71362,240,,Z,Väike-Õismäe,2026-05-23 07:59:18+03,2026-05-23
2,8,1236,34,59.41227,24.63517,164,,Z,Väike-Õismäe,2026-05-23 07:59:18+03,2026-05-23
2,8,1474,3,59.44249,24.79169,76,,Z,Äigrumäe,2026-05-23 07:59:18+03,2026-05-23
2,8,1476,62,59.46968,24.83475,188,,Z,Väike-Õismäe,2026-05-23 07:59:18+03,2026-05-23
2,8,1710,19,59.4292,24.70358,86,,Z,Äigrumäe,2026-05-23 07:59:18+03,2026-05-23
2,8,3393,91,59.48109,24.89054,139,,Z,Äigrumäe,2026-05-23 07:59:18+03,2026-05-23
2,8,1186,50,59.43175,24.71264,234,,Z,Väike-Õismäe,2026-05-23 07:59:48+03,2026-05-23
2,8,1236,34,59.41227,24.63517,164,,Z,Väike-Õismäe,2026-05-23 07:59:48+03,2026-05-23
2,8,1474,3,59.44298,24.79491,67,,Z,Äigrumäe,2026-05-23 07:59:48+03,2026-05-23
2,8,1476,62,59.46752,24.8336,195,,Z,Väike-Õismäe,2026-05-23 07:59:48+03,2026-05-23
2,8,1710,19,59.42921,24.7045,93,,Z,Äigrumäe,2026-05-23 07:59:48+03,2026-05-23
2,8,3393,91,59.48132,24.89083,87,,Z,Äigrumäe,2026-05-23 07:59:48+03,2026-05-23
2,8,1186,50,59.43009,24.70725,238,,Z,Väike-Õismäe,2026-05-23 08:00:18+03,2026-05-23
2,8,1236,34,59.41227,24.63517,164,,Z,Väike-Õismäe,2026-05-23 08:00:18+03,2026-05-23
2,8,1474,3,59.44453,24.79764,38,,Z,Äigrumäe,2026-05-23 08:00:18+03,2026-05-23
2,8,1476,62,59.46672,24.83274,205,,Z,Väike-Õismäe,2026-05-23 08:00:18+03,2026-05-23
2,8,1710,19,59.42965,24.70676,61,,Z,Äigrumäe,2026-05-23 08:00:18+03,2026-05-23
2,8,3393,91,59.4813,24.89082,87,,Z,Äigrumäe,2026-05-23 08:00:18+03,2026-05-23
2,8,1186,50,59.42999,24.70694,238,,Z,Väike-Õismäe,2026-05-23 08:00:48+03,2026-05-23
2,8,1236,34,59.41227,24.63517,164,,Z,Väike-Õismäe,2026-05-23 08:00:48+03,2026-05-23
2,8,1474,3,59.44598,24.79992,38,,Z,Äigrumäe,2026-05-23 08:00:48+03,2026-05-23
2,8,1476,62,59.46656,24.83301,205,,Z,Väike-Õismäe,2026-05-23 08:00:48+03,2026-05-23
2,8,1710,19,59.43089,24.71106,58,,Z,Äigrumäe,2026-05-23 08:00:48+03,2026-05-23
2,8,3393,91,59.48132,24.89084,87,,Z,Äigrumäe,2026-05-23 08:00:48+03,2026-05-23
2,8,1186,50,59.42954,24.70555,237,,Z,Väike-Õismäe,2026-05-23 08:01:18+03,2026-05-23
2,8,1236,34,59.41227,24.63517,164,,Z,Väike-Õismäe,2026-05-23 08:01:18+03,2026-05-23
2,8,1474,3,59.44829,24.80344,37,,Z,Äigrumäe,2026-05-23 08:01:18+03,2026-05-23
2,8,1476,62,59.46501,24.8301,225,,Z,Väike-Õismäe,2026-05-23 08:01:18+03,2026-05-23
2,8,1710,19,59.43135,24.71258,59,,Z,Äigrumäe,2026-05-23 08:01:18+03,2026-05-23
2,8,3393,91,59.48134,24.89085,87,,Z,Äigrumäe,2026-05-23 08:01:18+03,2026-05-23
2,8,1186,50,59.4294,24.69966,277,,Z,Väike-Õismäe,2026-05-23 08:01:48+03,2026-05-23
2,8,1236,34,59.41227,24.63517,164,,Z,Väike-Õismäe,2026-05-23 08:01:48+03,2026-05-23
2,8,1474,3,59.45007,24.80597,34,,Z,Äigrumäe,2026-05-23 08:01:48+03,2026-05-23
2,8,1476,62,59.46351,24.82701,228,,Z,Väike-Õismäe,2026-05-23 08:01:48+03,2026-05-23
2,8,1710,19,59.43239,24.71565,56,,Z,Äigrumäe,2026-05-23 08:01:48+03,2026-05-23
2,8,3393,91,59.48132,24.89082,87,,Z,Äigrumäe,2026-05-23 08:01:48+03,2026-05-23
2,8,1186,50,59.42946,24.69857,277,,Z,Väike-Õismäe,2026-05-23 08:02:19+03,2026-05-23
2,8,1236,35,59.41227,24.63517,164,,Z,Äigrumäe,2026-05-23 08:02:19+03,2026-05-23
2,8,1474,3,59.45323,24.80838,16,,Z,Äigrumäe,2026-05-23 08:02:19+03,2026-05-23
2,8,1476,62,59.46327,24.82661,228,,Z,Väike-Õismäe,2026-05-23 08:02:19+03,2026-05-23
2,8,1710,19,59.43348,24.71971,66,,Z,Äigrumäe,2026-05-23 08:02:19+03,2026-05-23
2,8,3393,91,59.48132,24.8908,87,,Z,Äigrumäe,2026-05-23 08:02:19+03,2026-05-23
2,8,1186,50,59.42987,24.69154,274,,Z,Väike-Õismäe,2026-05-23 08:02:49+03,2026-05-23
2,8,1236,35,59.4121,24.63572,164,,Z,Äigrumäe,2026-05-23 08:02:49+03,2026-05-23
2,8,1474,3,59.45622,24.81064,24,,Z,Äigrumäe,2026-05-23 08:02:49+03,2026-05-23
2,8,1476,62,59.46148,24.82115,245,,Z,Väike-Õismäe,2026-05-23 08:02:49+03,2026-05-23
2,8,1710,19,59.43389,24.72185,68,,Z,Äigrumäe,2026-05-23 08:02:49+03,2026-05-23
2,8,3393,91,59.48132,24.89078,87,,Z,Äigrumäe,2026-05-23 08:02:49+03,2026-05-23
2,8,1186,50,59.42987,24.6906,274,,Z,Väike-Õismäe,2026-05-23 08:03:19+03,2026-05-23
2,8,1236,35,59.41273,24.63641,26,,Z,Äigrumäe,2026-05-23 08:03:19+03,2026-05-23
2,8,1474,3,59.45886,24.81403,43,,Z,Äigrumäe,2026-05-23 08:03:19+03,2026-05-23
2,8,1476,62,59.46066,24.81772,244,,Z,Väike-Õismäe,2026-05-23 08:03:19+03,2026-05-23
2,8,1710,19,59.43393,24.72208,68,,Z,Äigrumäe,2026-05-23 08:03:19+03,2026-05-23
2,8,3393,92,59.48125,24.89041,87,,Z,Väike-Õismäe,2026-05-23 08:03:19+03,2026-05-23
2,8,1186,50,59.4294,24.68394,258,,Z,Väike-Õismäe,2026-05-23 08:03:49+03,2026-05-23
2,8,1236,35,59.41285,24.63647,26,,Z,Äigrumäe,2026-05-23 08:03:49+03,2026-05-23
2,8,1474,3,59.46047,24.8186,60,,Z,Äigrumäe,2026-05-23 08:03:49+03,2026-05-23
2,8,1476,62,59.45968,24.81493,231,,Z,Väike-Õismäe,2026-05-23 08:03:49+03,2026-05-23
2,8,1710,19,59.43454,24.72511,66,,Z,Äigrumäe,2026-05-23 08:03:49+03,2026-05-23
2,8,3393,92,59.48178,24.88875,318,,Z,Väike-Õismäe,2026-05-23 08:03:49+03,2026-05-23
2,8,1186,50,59.42858,24.67714,256,,Z,Väike-Õismäe,2026-05-23 08:04:19+03,2026-05-23
2,8,1236,35,59.41237,24.63907,112,,Z,Äigrumäe,2026-05-23 08:04:19+03,2026-05-23
2,8,1474,3,59.46145,24.82244,64,,Z,Äigrumäe,2026-05-23 08:04:19+03,2026-05-23
2,8,1476,62,59.45759,24.81145,216,,Z,Väike-Õismäe,2026-05-23 08:04:19+03,2026-05-23
2,8,1710,19,59.43468,24.72599,66,,Z,Äigrumäe,2026-05-23 08:04:19+03,2026-05-23
2,8,3393,92,59.48394,24.88468,319,,Z,Väike-Õismäe,2026-05-23 08:04:19+03,2026-05-23
2,8,1186,50,59.42817,24.67299,262,,Z,Väike-Õismäe,2026-05-23 08:04:49+03,2026-05-23
2,8,1236,35,59.41226,24.63962,112,,Z,Äigrumäe,2026-05-23 08:04:49+03,2026-05-23
2,8,1474,3,59.46244,24.82557,48,,Z,Äigrumäe,2026-05-23 08:04:49+03,2026-05-23
2,8,1476,62,59.45511,24.8092,204,,Z,Väike-Õismäe,2026-05-23 08:04:49+03,2026-05-23
2,8,1710,19,59.43504,24.73105,85,,Z,Äigrumäe,2026-05-23 08:04:49+03,2026-05-23
2,8,3393,92,59.48597,24.8825,332,,Z,Väike-Õismäe,2026-05-23 08:04:49+03,2026-05-23
2,8,1186,50,59.42773,24.66763,261,,Z,Väike-Õismäe,2026-05-23 08:05:19+03,2026-05-23
2,8,1236,35,59.41282,24.64097,64,,Z,Äigrumäe,2026-05-23 08:05:19+03,2026-05-23
2,8,1474,3,59.46317,24.82716,50,,Z,Äigrumäe,2026-05-23 08:05:19+03,2026-05-23
2,8,1476,62,59.45221,24.80728,196,,Z,Väike-Õismäe,2026-05-23 08:05:19+03,2026-05-23
2,8,1710,19,59.43598,24.73269,352,,Z,Äigrumäe,2026-05-23 08:05:19+03,2026-05-23
2,8,3393,92,59.48646,24.88205,332,,Z,Väike-Õismäe,2026-05-23 08:05:19+03,2026-05-23
2,8,1186,50,59.42685,24.66049,253,,Z,Väike-Õismäe,2026-05-23 08:05:49+03,2026-05-23
2,8,1236,35,59.41388,24.64003,336,,Z,Äigrumäe,2026-05-23 08:05:49+03,2026-05-23
2,8,1474,3,59.4644,24.82946,45,,Z,Äigrumäe,2026-05-23 08:05:49+03,2026-05-23
2,8,1476,62,59.44994,24.80524,209,,Z,Väike-Õismäe,2026-05-23 08:05:49+03,2026-05-23
2,8,1710,19,59.43683,24.7333,15,,Z,Äigrumäe,2026-05-23 08:05:49+03,2026-05-23
2,8,3393,92,59.48903,24.88088,357,,Z,Väike-Õismäe,2026-05-23 08:05:49+03,2026-05-23
2,8,1186,50,59.42631,24.6577,247,,Z,Väike-Õismäe,2026-05-23 08:06:19+03,2026-05-23
2,8,1236,35,59.41503,24.63958,348,,Z,Äigrumäe,2026-05-23 08:06:19+03,2026-05-23
2,8,1474,3,59.4658,24.83204,45,,Z,Äigrumäe,2026-05-23 08:06:19+03,2026-05-23
2,8,1476,62,59.44771,24.80199,216,,Z,Väike-Õismäe,2026-05-23 08:06:19+03,2026-05-23
2,8,1710,19,59.43869,24.73535,40,,Z,Äigrumäe,2026-05-23 08:06:19+03,2026-05-23
2,8,3393,92,59.49077,24.88009,345,,Z,Väike-Õismäe,2026-05-23 08:06:19+03,2026-05-23
2,8,1186,50,59.42526,24.65325,246,,Z,Väike-Õismäe,2026-05-23 08:06:50+03,2026-05-23
2,8,1236,35,59.41575,24.63968,4,,Z,Äigrumäe,2026-05-23 08:06:50+03,2026-05-23
2,8,1474,3,59.46723,24.8338,25,,Z,Äigrumäe,2026-05-23 08:06:50+03,2026-05-23
2,8,1476,62,59.44552,24.79864,218,,Z,Väike-Õismäe,2026-05-23 08:06:50+03,2026-05-23
2,8,1710,19,59.43959,24.73785,60,,Z,Äigrumäe,2026-05-23 08:06:50+03,2026-05-23
2,8,3393,92,59.49084,24.88004,345,,Z,Väike-Õismäe,2026-05-23 08:06:50+03,2026-05-23
2,8,1186,50,59.4241,24.64869,239,,Z,Väike-Õismäe,2026-05-23 08:07:20+03,2026-05-23
2,8,1236,35,59.41752,24.64057,21,,Z,Äigrumäe,2026-05-23 08:07:20+03,2026-05-23
2,8,1474,3,59.46795,24.83407,11,,Z,Äigrumäe,2026-05-23 08:07:20+03,2026-05-23
2,8,1476,62,59.44366,24.79569,220,,Z,Väike-Õismäe,2026-05-23 08:07:20+03,2026-05-23
2,8,1710,19,59.44056,24.74028,51,,Z,Äigrumäe,2026-05-23 08:07:20+03,2026-05-23
2,8,3393,92,59.49072,24.87891,345,,Z,Väike-Õismäe,2026-05-23 08:07:20+03,2026-05-23
2,8,1186,50,59.42363,24.64722,238,,Z,Väike-Õismäe,2026-05-23 08:07:50+03,2026-05-23
2,8,1236,35,59.41935,24.64417,59,,Z,Äigrumäe,2026-05-23 08:07:50+03,2026-05-23
2,8,1474,3,59.46973,24.83499,14,,Z,Äigrumäe,2026-05-23 08:07:50+03,2026-05-23
2,8,1476,62,59.44273,24.7923,256,,Z,Väike-Õismäe,2026-05-23 08:07:50+03,2026-05-23
2,8,1710,19,59.44198,24.74392,52,,Z,Äigrumäe,2026-05-23 08:07:50+03,2026-05-23
2,8,3393,92,59.48966,24.87541,239,,Z,Väike-Õismäe,2026-05-23 08:07:50+03,2026-05-23
2,8,1186,50,59.42309,24.64574,264,,Z,Väike-Õismäe,2026-05-23 08:08:20+03,2026-05-23
2,8,1236,35,59.42012,24.64664,355,,Z,Äigrumäe,2026-05-23 08:08:20+03,2026-05-23
2,8,1474,3,59.47183,24.83598,12,,Z,Äigrumäe,2026-05-23 08:08:20+03,2026-05-23
2,8,1476,62,59.44285,24.78857,291,,Z,Väike-Õismäe,2026-05-23 08:08:20+03,2026-05-23
2,8,1710,19,59.44253,24.74776,61,,Z,Äigrumäe,2026-05-23 08:08:20+03,2026-05-23
2,8,3393,92,59.48832,24.87068,243,,Z,Väike-Õismäe,2026-05-23 08:08:20+03,2026-05-23
2,8,1186,50,59.42142,24.64909,145,,Z,Väike-Õismäe,2026-05-23 08:08:50+03,2026-05-23
2,8,1236,35,59.42045,24.64469,324,,Z,Äigrumäe,2026-05-23 08:08:50+03,2026-05-23
2,8,1474,3,59.47418,24.83778,22,,Z,Äigrumäe,2026-05-23 08:08:50+03,2026-05-23
2,8,1476,62,59.44331,24.78599,289,,Z,Väike-Õismäe,2026-05-23 08:08:50+03,2026-05-23
2,8,1710,19,59.44351,24.75008,7,,Z,Äigrumäe,2026-05-23 08:08:50+03,2026-05-23
2,8,3393,92,59.48774,24.86882,238,,Z,Väike-Õismäe,2026-05-23 08:08:50+03,2026-05-23
2,8,1186,50,59.42106,24.64945,145,,Z,Väike-Õismäe,2026-05-23 08:09:20+03,2026-05-23
2,8,1236,35,59.4209,24.64398,321,,Z,Äigrumäe,2026-05-23 08:09:20+03,2026-05-23
2,8,1474,3,59.47444,24.84205,74,,Z,Äigrumäe,2026-05-23 08:09:20+03,2026-05-23
2,8,1476,62,59.44357,24.78056,262,,Z,Väike-Õismäe,2026-05-23 08:09:20+03,2026-05-23
2,8,1710,19,59.44342,24.75057,83,,Z,Äigrumäe,2026-05-23 08:09:20+03,2026-05-23
2,8,3393,92,59.48704,24.86533,260,,Z,Väike-Õismäe,2026-05-23 08:09:20+03,2026-05-23
2,8,1186,50,59.42042,24.64694,252,,Z,Väike-Õismäe,2026-05-23 08:09:50+03,2026-05-23
2,8,1236,35,59.42244,24.6452,47,,Z,Äigrumäe,2026-05-23 08:09:50+03,2026-05-23
2,8,1474,3,59.47589,24.84614,31,,Z,Äigrumäe,2026-05-23 08:09:50+03,2026-05-23
2,8,1476,62,59.44258,24.77553,247,,Z,Väike-Õismäe,2026-05-23 08:09:50+03,2026-05-23
2,8,1710,19,59.44286,24.75173,141,,Z,Äigrumäe,2026-05-23 08:09:50+03,2026-05-23
2,8,3393,92,59.48625,24.86361,212,,Z,Väike-Õismäe,2026-05-23 08:09:50+03,2026-05-23
2,8,1186,50,59.4202,24.64597,245,,Z,Väike-Õismäe,2026-05-23 08:10:20+03,2026-05-23
2,8,1236,35,59.4229,24.64709,56,,Z,Äigrumäe,2026-05-23 08:10:20+03,2026-05-23
2,8,1474,3,59.47815,24.8481,46,,Z,Äigrumäe,2026-05-23 08:10:20+03,2026-05-23
2,8,1476,62,59.44258,24.77552,247,,Z,Väike-Õismäe,2026-05-23 08:10:20+03,2026-05-23
2,8,1710,19,59.44111,24.7534,152,,Z,Äigrumäe,2026-05-23 08:10:20+03,2026-05-23
2,8,3393,92,59.48394,24.86041,226,,Z,Väike-Õismäe,2026-05-23 08:10:20+03,2026-05-23
2,8,1186,50,59.41934,24.64285,238,,Z,Väike-Õismäe,2026-05-23 08:10:51+03,2026-05-23
2,8,1236,35,59.42371,24.64858,59,,Z,Äigrumäe,2026-05-23 08:10:51+03,2026-05-23
2,8,1474,3,59.47963,24.85135,56,,Z,Äigrumäe,2026-05-23 08:10:51+03,2026-05-23
2,8,1476,62,59.44239,24.7747,245,,Z,Väike-Õismäe,2026-05-23 08:10:51+03,2026-05-23
2,8,1710,19,59.44035,24.75513,133,,Z,Äigrumäe,2026-05-23 08:10:51+03,2026-05-23
2,8,3393,92,59.48158,24.858,202,,Z,Väike-Õismäe,2026-05-23 08:10:51+03,2026-05-23
2,8,1186,50,59.41902,24.64231,238,,Z,Väike-Õismäe,2026-05-23 08:11:21+03,2026-05-23
2,8,1236,35,59.42399,24.64938,55,,Z,Äigrumäe,2026-05-23 08:11:21+03,2026-05-23
2,8,1474,3,59.48069,24.85601,49,,Z,Äigrumäe,2026-05-23 08:11:21+03,2026-05-23
2,8,1476,62,59.44129,24.76963,247,,Z,Väike-Õismäe,2026-05-23 08:11:21+03,2026-05-23
2,8,1710,19,59.43952,24.75899,105,,Z,Äigrumäe,2026-05-23 08:11:21+03,2026-05-23
2,8,3393,92,59.48007,24.85445,230,,Z,Väike-Õismäe,2026-05-23 08:11:21+03,2026-05-23
2,8,1186,50,59.41681,24.63993,203,,Z,Väike-Õismäe,2026-05-23 08:11:51+03,2026-05-23
2,8,1236,35,59.42537,24.65506,67,,Z,Äigrumäe,2026-05-23 08:11:51+03,2026-05-23
2,8,1474,3,59.48253,24.85881,23,,Z,Äigrumäe,2026-05-23 08:11:51+03,2026-05-23
2,8,1476,62,59.44111,24.76901,245,,Z,Väike-Õismäe,2026-05-23 08:11:51+03,2026-05-23
2,8,1710,19,59.43949,24.76058,98,,Z,Äigrumäe,2026-05-23 08:11:51+03,2026-05-23
2,8,3393,92,59.47987,24.85363,244,,Z,Väike-Õismäe,2026-05-23 08:11:51+03,2026-05-23
2,8,1186,50,59.41608,24.63963,199,,Z,Väike-Õismäe,2026-05-23 08:12:21+03,2026-05-23
2,8,1236,35,59.42632,24.65921,66,,Z,Äigrumäe,2026-05-23 08:12:21+03,2026-05-23
2,8,1474,3,59.48458,24.86163,45,,Z,Äigrumäe,2026-05-23 08:12:21+03,2026-05-23
2,8,1476,62,59.44031,24.76447,252,,Z,Väike-Õismäe,2026-05-23 08:12:21+03,2026-05-23
2,8,1710,19,59.44026,24.76528,70,,Z,Äigrumäe,2026-05-23 08:12:21+03,2026-05-23
2,8,3393,92,59.47873,24.84932,226,,Z,Väike-Õismäe,2026-05-23 08:12:21+03,2026-05-23
2,8,1186,50,59.41294,24.64044,160,,Z,Väike-Õismäe,2026-05-23 08:12:51+03,2026-05-23
2,8,1236,35,59.42671,24.66144,71,,Z,Äigrumäe,2026-05-23 08:12:51+03,2026-05-23
2,8,1474,3,59.48677,24.86414,25,,Z,Äigrumäe,2026-05-23 08:12:51+03,2026-05-23
2,8,1476,62,59.44026,24.7641,252,,Z,Väike-Õismäe,2026-05-23 08:12:51+03,2026-05-23
2,8,1710,19,59.44151,24.77153,67,,Z,Äigrumäe,2026-05-23 08:12:51+03,2026-05-23
2,8,3393,92,59.47689,24.84649,198,,Z,Väike-Õismäe,2026-05-23 08:12:51+03,2026-05-23
2,8,1186,50,59.41287,24.63758,294,,Z,Väike-Õismäe,2026-05-23 08:13:21+03,2026-05-23
2,8,1236,35,59.42758,24.66825,76,,Z,Äigrumäe,2026-05-23 08:13:21+03,2026-05-23
2,8,1474,3,59.48774,24.86886,60,,Z,Äigrumäe,2026-05-23 08:13:21+03,2026-05-23
2,8,1476,62,59.44006,24.75957,282,,Z,Väike-Õismäe,2026-05-23 08:13:21+03,2026-05-23
2,8,1710,19,59.4419,24.77306,61,,Z,Äigrumäe,2026-05-23 08:13:21+03,2026-05-23
2,8,3393,92,59.47476,24.84339,242,,Z,Väike-Õismäe,2026-05-23 08:13:21+03,2026-05-23
2,8,1186,50,59.41302,24.63446,287,,Z,Väike-Õismäe,2026-05-23 08:13:52+03,2026-05-23
2,8,1236,35,59.42799,24.67471,81,,Z,Äigrumäe,2026-05-23 08:13:52+03,2026-05-23
2,8,1474,3,59.48898,24.87315,61,,Z,Äigrumäe,2026-05-23 08:13:52+03,2026-05-23
2,8,1476,62,59.44019,24.75892,292,,Z,Väike-Õismäe,2026-05-23 08:13:52+03,2026-05-23
2,8,1710,19,59.44287,24.7775,65,,Z,Äigrumäe,2026-05-23 08:13:52+03,2026-05-23
2,8,3393,92,59.47414,24.83876,260,,Z,Väike-Õismäe,2026-05-23 08:13:52+03,2026-05-23
2,8,1186,50,59.41219,24.63545,131,,Z,Väike-Õismäe,2026-05-23 08:14:22+03,2026-05-23
2,8,1236,35,59.42864,24.68017,75,,Z,Äigrumäe,2026-05-23 08:14:22+03,2026-05-23
2,8,1474,3,59.48977,24.87596,61,,Z,Äigrumäe,2026-05-23 08:14:22+03,2026-05-23
2,8,1476,62,59.44106,24.75432,288,,Z,Väike-Õismäe,2026-05-23 08:14:22+03,2026-05-23
2,8,1710,19,59.44341,24.78255,92,,Z,Äigrumäe,2026-05-23 08:14:22+03,2026-05-23
2,8,3393,92,59.47426,24.83802,283,,Z,Väike-Õismäe,2026-05-23 08:14:22+03,2026-05-23
2,8,1186,50,59.41219,24.63545,131,,Z,Väike-Õismäe,2026-05-23 08:14:52+03,2026-05-23
2,8,1236,35,59.42874,24.68117,78,,Z,Äigrumäe,2026-05-23 08:14:52+03,2026-05-23
2,8,1474,3,59.4905,24.87837,60,,Z,Äigrumäe,2026-05-23 08:14:52+03,2026-05-23
2,8,1476,62,59.44357,24.75286,4,,Z,Väike-Õismäe,2026-05-23 08:14:52+03,2026-05-23
2,8,1710,19,59.44333,24.78449,98,,Z,Äigrumäe,2026-05-23 08:14:52+03,2026-05-23
2,8,3393,92,59.47425,24.83797,283,,Z,Väike-Õismäe,2026-05-23 08:14:52+03,2026-05-23
2,8,1186,50,59.41219,24.63545,131,,Z,Väike-Õismäe,2026-05-23 08:15:22+03,2026-05-23
2,8,1236,35,59.42927,24.686,77,,Z,Äigrumäe,2026-05-23 08:15:22+03,2026-05-23
2,8,1474,3,59.48975,24.88061,164,,Z,Äigrumäe,2026-05-23 08:15:22+03,2026-05-23
2,8,1476,62,59.44382,24.75114,282,,Z,Väike-Õismäe,2026-05-23 08:15:22+03,2026-05-23
2,8,1710,19,59.44252,24.7891,118,,Z,Äigrumäe,2026-05-23 08:15:22+03,2026-05-23
2,8,3393,92,59.47424,24.83794,283,,Z,Väike-Õismäe,2026-05-23 08:15:22+03,2026-05-23
2,8,1186,50,59.41219,24.63545,131,,Z,Väike-Õismäe,2026-05-23 08:15:52+03,2026-05-23
2,8,1236,35,59.42952,24.69154,86,,Z,Äigrumäe,2026-05-23 08:15:52+03,2026-05-23
2,8,1474,3,59.48733,24.88111,177,,Z,Äigrumäe,2026-05-23 08:15:52+03,2026-05-23
2,8,1476,62,59.44401,24.74932,280,,Z,Väike-Õismäe,2026-05-23 08:15:52+03,2026-05-23
2,8,1710,19,59.44251,24.78913,118,,Z,Äigrumäe,2026-05-23 08:15:52+03,2026-05-23
2,8,3393,92,59.47396,24.83708,244,,Z,Väike-Õismäe,2026-05-23 08:15:52+03,2026-05-23
2,8,1186,50,59.41219,24.63545,131,,Z,Väike-Õismäe,2026-05-23 08:16:22+03,2026-05-23
2,8,1236,35,59.42955,24.69272,87,,Z,Äigrumäe,2026-05-23 08:16:22+03,2026-05-23
2,8,1474,3,59.48485,24.88371,151,,Z,Äigrumäe,2026-05-23 08:16:22+03,2026-05-23
2,8,1476,62,59.44437,24.74527,279,,Z,Väike-Õismäe,2026-05-23 08:16:22+03,2026-05-23
2,8,1710,19,59.44237,24.79041,102,,Z,Äigrumäe,2026-05-23 08:16:22+03,2026-05-23
2,8,3393,92,59.47329,24.8368,192,,Z,Väike-Õismäe,2026-05-23 08:16:22+03,2026-05-23
2,8,1186,50,59.41219,24.63545,131,,Z,Väike-Õismäe,2026-05-23 08:16:52+03,2026-05-23
2,8,1236,35,59.42941,24.69665,95,,Z,Äigrumäe,2026-05-23 08:16:52+03,2026-05-23
2,8,1474,3,59.48268,24.8871,133,,Z,Äigrumäe,2026-05-23 08:16:52+03,2026-05-23
2,8,1476,62,59.44377,24.74343,222,,Z,Väike-Õismäe,2026-05-23 08:16:52+03,2026-05-23
2,8,1710,19,59.44246,24.79164,81,,Z,Äigrumäe,2026-05-23 08:16:52+03,2026-05-23
2,8,3393,92,59.47116,24.83534,202,,Z,Väike-Õismäe,2026-05-23 08:16:52+03,2026-05-23
2,8,1186,50,59.41219,24.63545,131,,Z,Väike-Õismäe,2026-05-23 08:17:22+03,2026-05-23
2,8,1236,35,59.42932,24.69801,97,,Z,Äigrumäe,2026-05-23 08:17:22+03,2026-05-23
2,8,1474,3,59.48102,24.89033,137,,Z,Äigrumäe,2026-05-23 08:17:22+03,2026-05-23
2,8,1476,62,59.44268,24.74263,203,,Z,Väike-Õismäe,2026-05-23 08:17:22+03,2026-05-23
2,8,1710,19,59.44294,24.79482,74,,Z,Äigrumäe,2026-05-23 08:17:22+03,2026-05-23
2,8,3393,92,59.47033,24.83492,194,,Z,Väike-Õismäe,2026-05-23 08:17:22+03,2026-05-23
2,8,1186,50,59.41219,24.63545,131,,Z,Väike-Õismäe,2026-05-23 08:17:53+03,2026-05-23
2,8,1236,35,59.4293,24.69927,92,,Z,Äigrumäe,2026-05-23 08:17:53+03,2026-05-23
2,8,1474,3,59.48134,24.89076,111,,Z,Äigrumäe,2026-05-23 08:17:53+03,2026-05-23
2,8,1476,62,59.44173,24.74319,198,,Z,Väike-Õismäe,2026-05-23 08:17:53+03,2026-05-23
2,8,1710,19,59.44294,24.79484,74,,Z,Äigrumäe,2026-05-23 08:17:53+03,2026-05-23
2,8,3393,92,59.46888,24.83432,194,,Z,Väike-Õismäe,2026-05-23 08:17:53+03,2026-05-23
2,8,1186,50,59.41219,24.63545,131,,Z,Väike-Õismäe,2026-05-23 08:18:23+03,2026-05-23
2,8,1236,35,59.42927,24.69935,92,,Z,Äigrumäe,2026-05-23 08:18:23+03,2026-05-23
2,8,1474,3,59.48133,24.89075,111,,Z,Äigrumäe,2026-05-23 08:18:23+03,2026-05-23
2,8,1476,62,59.44068,24.74042,234,,Z,Väike-Õismäe,2026-05-23 08:18:23+03,2026-05-23
2,8,1710,19,59.44491,24.79822,38,,Z,Äigrumäe,2026-05-23 08:18:23+03,2026-05-23
2,8,3393,92,59.46686,24.83247,211,,Z,Väike-Õismäe,2026-05-23 08:18:23+03,2026-05-23
2,8,1186,50,59.41219,24.63545,131,,Z,Väike-Õismäe,2026-05-23 08:18:53+03,2026-05-23
2,8,1236,35,59.4292,24.70225,92,,Z,Äigrumäe,2026-05-23 08:18:53+03,2026-05-23
2,8,1474,3,59.48132,24.89074,111,,Z,Äigrumäe,2026-05-23 08:18:53+03,2026-05-23
2,8,1476,62,59.43981,24.73794,239,,Z,Väike-Õismäe,2026-05-23 08:18:53+03,2026-05-23
2,8,1710,19,59.446,24.79993,38,,Z,Äigrumäe,2026-05-23 08:18:53+03,2026-05-23
2,8,3393,92,59.46664,24.83293,179,,Z,Väike-Õismäe,2026-05-23 08:18:53+03,2026-05-23
2,8,1186,50,59.41219,24.63545,131,,Z,Väike-Õismäe,2026-05-23 08:19:23+03,2026-05-23
2,8,1236,35,59.4292,24.70419,93,,Z,Äigrumäe,2026-05-23 08:19:23+03,2026-05-23
2,8,1474,3,59.4813,24.89072,111,,Z,Äigrumäe,2026-05-23 08:19:23+03,2026-05-23
2,8,1476,62,59.43969,24.73754,239,,Z,Väike-Õismäe,2026-05-23 08:19:23+03,2026-05-23
2,8,1710,19,59.44639,24.80055,38,,Z,Äigrumäe,2026-05-23 08:19:23+03,2026-05-23
2,8,3393,92,59.46484,24.82976,225,,Z,Väike-Õismäe,2026-05-23 08:19:23+03,2026-05-23
2,8,1186,50,59.41214,24.63545,131,,Z,Väike-Õismäe,2026-05-23 08:19:53+03,2026-05-23
2,8,1236,35,59.4292,24.70419,93,,Z,Äigrumäe,2026-05-23 08:19:53+03,2026-05-23
2,8,1474,3,59.4813,24.89071,111,,Z,Äigrumäe,2026-05-23 08:19:53+03,2026-05-23
2,8,1476,62,59.43759,24.73382,211,,Z,Väike-Õismäe,2026-05-23 08:19:53+03,2026-05-23
2,8,1710,19,59.44865,24.80397,37,,Z,Äigrumäe,2026-05-23 08:19:53+03,2026-05-23
2,8,3393,92,59.46259,24.82523,225,,Z,Väike-Õismäe,2026-05-23 08:19:53+03,2026-05-23
2,8,1186,50,59.41214,24.63545,131,,Z,Väike-Õismäe,2026-05-23 08:20:23+03,2026-05-23
2,8,1236,35,59.42968,24.70658,59,,Z,Äigrumäe,2026-05-23 08:20:23+03,2026-05-23
2,8,1474,3,59.48131,24.8907,111,,Z,Äigrumäe,2026-05-23 08:20:23+03,2026-05-23
2,8,1476,62,59.43654,24.73058,271,,Z,Väike-Õismäe,2026-05-23 08:20:23+03,2026-05-23
2,8,1710,19,59.45167,24.80745,22,,Z,Äigrumäe,2026-05-23 08:20:23+03,2026-05-23
2,8,1829,77,59.41201,24.63538,,,Z,Äigrumäe,2026-05-23 08:20:23+03,2026-05-23
2,8,3393,92,59.4609,24.81874,245,,Z,Väike-Õismäe,2026-05-23 08:20:23+03,2026-05-23
2,8,1186,50,59.41214,24.63545,131,,Z,Väike-Õismäe,2026-05-23 08:20:53+03,2026-05-23
2,8,1236,35,59.43049,24.70984,57,,Z,Äigrumäe,2026-05-23 08:20:53+03,2026-05-23
2,8,1474,3,59.48131,24.89071,111,,Z,Äigrumäe,2026-05-23 08:20:53+03,2026-05-23
2,8,1476,62,59.43625,24.72814,253,,Z,Väike-Õismäe,2026-05-23 08:20:53+03,2026-05-23
2,8,1710,19,59.45457,24.80923,18,,Z,Äigrumäe,2026-05-23 08:20:53+03,2026-05-23
2,8,1829,77,59.41201,24.63539,,,Z,Äigrumäe,2026-05-23 08:20:53+03,2026-05-23
2,8,3393,92,59.45885,24.81334,223,,Z,Väike-Õismäe,2026-05-23 08:20:53+03,2026-05-23
2,8,1186,50,59.41214,24.63545,131,,Z,Väike-Õismäe,2026-05-23 08:21:23+03,2026-05-23
2,8,1236,35,59.43131,24.71249,61,,Z,Äigrumäe,2026-05-23 08:21:23+03,2026-05-23
2,8,1474,4,59.48132,24.89071,111,,Z,Väike-Õismäe,2026-05-23 08:21:23+03,2026-05-23
2,8,1476,62,59.43549,24.72589,237,,Z,Väike-Õismäe,2026-05-23 08:21:23+03,2026-05-23
2,8,1710,19,59.4577,24.81207,26,,Z,Äigrumäe,2026-05-23 08:21:23+03,2026-05-23
2,8,1829,77,59.41235,24.63606,43,,Z,Äigrumäe,2026-05-23 08:21:23+03,2026-05-23
2,8,3393,92,59.4561,24.81006,204,,Z,Väike-Õismäe,2026-05-23 08:21:23+03,2026-05-23
2,8,1186,50,59.41214,24.63545,131,,Z,Väike-Õismäe,2026-05-23 08:21:54+03,2026-05-23
2,8,1236,35,59.43184,24.71399,57,,Z,Äigrumäe,2026-05-23 08:21:54+03,2026-05-23
2,8,1474,4,59.48128,24.89048,111,,Z,Väike-Õismäe,2026-05-23 08:21:54+03,2026-05-23
2,8,1476,62,59.434,24.72223,256,,Z,Väike-Õismäe,2026-05-23 08:21:54+03,2026-05-23
2,8,1710,19,59.46007,24.81721,53,,Z,Äigrumäe,2026-05-23 08:21:54+03,2026-05-23
2,8,1829,77,59.41251,24.63626,43,,Z,Äigrumäe,2026-05-23 08:21:54+03,2026-05-23
2,8,3393,92,59.45264,24.80754,196,,Z,Väike-Õismäe,2026-05-23 08:21:54+03,2026-05-23
2,8,1186,50,59.41214,24.63545,131,,Z,Väike-Õismäe,2026-05-23 08:22:24+03,2026-05-23
2,8,1236,35,59.43307,24.71776,58,,Z,Äigrumäe,2026-05-23 08:22:24+03,2026-05-23
2,8,1474,4,59.48157,24.88913,302,,Z,Väike-Õismäe,2026-05-23 08:22:24+03,2026-05-23
2,8,1476,62,59.43381,24.7212,256,,Z,Väike-Õismäe,2026-05-23 08:22:24+03,2026-05-23
2,8,1710,19,59.46076,24.81988,64,,Z,Äigrumäe,2026-05-23 08:22:24+03,2026-05-23
2,8,1829,77,59.41276,24.63729,50,,Z,Äigrumäe,2026-05-23 08:22:24+03,2026-05-23
2,8,3393,92,59.44957,24.80473,213,,Z,Väike-Õismäe,2026-05-23 08:22:24+03,2026-05-23
2,8,1186,50,59.41214,24.63545,131,,Z,Väike-Õismäe,2026-05-23 08:22:54+03,2026-05-23
2,8,1236,35,59.43348,24.71969,68,,Z,Äigrumäe,2026-05-23 08:22:54+03,2026-05-23
2,8,1474,4,59.48375,24.88498,311,,Z,Väike-Õismäe,2026-05-23 08:22:54+03,2026-05-23
2,8,1476,62,59.4334,24.71909,249,,Z,Väike-Õismäe,2026-05-23 08:22:54+03,2026-05-23
2,8,1710,19,59.4619,24.82413,61,,Z,Äigrumäe,2026-05-23 08:22:54+03,2026-05-23
2,8,1829,77,59.41232,24.63936,112,,Z,Äigrumäe,2026-05-23 08:22:54+03,2026-05-23
2,8,3393,92,59.44698,24.80091,217,,Z,Väike-Õismäe,2026-05-23 08:22:54+03,2026-05-23
2,8,1186,50,59.41214,24.63545,131,,Z,Väike-Õismäe,2026-05-23 08:23:24+03,2026-05-23
2,8,1236,35,59.43394,24.72202,68,,Z,Äigrumäe,2026-05-23 08:23:24+03,2026-05-23
2,8,1474,4,59.48445,24.88418,333,,Z,Väike-Õismäe,2026-05-23 08:23:24+03,2026-05-23
2,8,1476,62,59.43285,24.71656,240,,Z,Väike-Õismäe,2026-05-23 08:23:24+03,2026-05-23
2,8,1710,19,59.46301,24.82684,46,,Z,Äigrumäe,2026-05-23 08:23:24+03,2026-05-23
2,8,1829,77,59.41236,24.64134,68,,Z,Äigrumäe,2026-05-23 08:23:24+03,2026-05-23
2,8,3393,92,59.44518,24.7981,218,,Z,Väike-Õismäe,2026-05-23 08:23:24+03,2026-05-23
2,8,1186,50,59.41214,24.63545,131,,Z,Väike-Õismäe,2026-05-23 08:23:54+03,2026-05-23
2,8,1236,35,59.43404,24.72268,68,,Z,Äigrumäe,2026-05-23 08:23:54+03,2026-05-23
2,8,1474,4,59.48621,24.8823,331,,Z,Väike-Õismäe,2026-05-23 08:23:54+03,2026-05-23
2,8,1476,62,59.43286,24.71656,240,,Z,Väike-Õismäe,2026-05-23 08:23:54+03,2026-05-23
2,8,1710,19,59.46482,24.83012,39,,Z,Äigrumäe,2026-05-23 08:23:54+03,2026-05-23
2,8,1829,77,59.4138,24.64016,338,,Z,Äigrumäe,2026-05-23 08:23:54+03,2026-05-23
2,8,3393,92,59.44507,24.79795,217,,Z,Väike-Õismäe,2026-05-23 08:23:54+03,2026-05-23
2,8,1186,50,59.41214,24.63545,131,,Z,Väike-Õismäe,2026-05-23 08:24:24+03,2026-05-23
2,8,1236,35,59.43456,24.72536,70,,Z,Äigrumäe,2026-05-23 08:24:24+03,2026-05-23
2,8,1474,4,59.48662,24.88187,331,,Z,Väike-Õismäe,2026-05-23 08:24:24+03,2026-05-23
2,8,1476,62,59.43233,24.71432,242,,Z,Väike-Õismäe,2026-05-23 08:24:24+03,2026-05-23
2,8,1710,19,59.46706,24.83371,21,,Z,Äigrumäe,2026-05-23 08:24:24+03,2026-05-23
2,8,1829,77,59.41522,24.63959,353,,Z,Äigrumäe,2026-05-23 08:24:24+03,2026-05-23
2,8,3393,92,59.4429,24.79364,243,,Z,Väike-Õismäe,2026-05-23 08:24:24+03,2026-05-23
2,8,1186,50,59.41214,24.63545,131,,Z,Väike-Õismäe,2026-05-23 08:24:54+03,2026-05-23
2,8,1236,35,59.43495,24.72826,80,,Z,Äigrumäe,2026-05-23 08:24:54+03,2026-05-23
2,8,1474,4,59.49003,24.88048,347,,Z,Väike-Õismäe,2026-05-23 08:24:54+03,2026-05-23
2,8,1476,62,59.432,24.71339,235,,Z,Väike-Õismäe,2026-05-23 08:24:54+03,2026-05-23
2,8,1710,19,59.46771,24.83398,11,,Z,Äigrumäe,2026-05-23 08:24:54+03,2026-05-23
2,8,1829,77,59.41575,24.63968,2,,Z,Äigrumäe,2026-05-23 08:24:54+03,2026-05-23
2,8,3393,92,59.44287,24.78848,293,,Z,Väike-Õismäe,2026-05-23 08:24:54+03,2026-05-23
2,8,1186,50,59.41214,24.63545,131,,Z,Väike-Õismäe,2026-05-23 08:25:24+03,2026-05-23
2,8,1236,35,59.43493,24.73231,100,,Z,Äigrumäe,2026-05-23 08:25:24+03,2026-05-23
2,8,1474,4,59.49073,24.87898,273,,Z,Väike-Õismäe,2026-05-23 08:25:24+03,2026-05-23
2,8,1476,62,59.43137,24.71144,237,,Z,Väike-Õismäe,2026-05-23 08:25:24+03,2026-05-23
2,8,1710,19,59.46864,24.83445,14,,Z,Äigrumäe,2026-05-23 08:25:24+03,2026-05-23
2,8,1829,77,59.41815,24.64132,28,,Z,Äigrumäe,2026-05-23 08:25:24+03,2026-05-23
2,8,3393,92,59.443,24.78782,293,,Z,Väike-Õismäe,2026-05-23 08:25:24+03,2026-05-23
2,8,1186,50,59.41214,24.63545,131,,Z,Väike-Õismäe,2026-05-23 08:25:55+03,2026-05-23
2,8,1236,35,59.43537,24.73273,78,,Z,Äigrumäe,2026-05-23 08:25:55+03,2026-05-23
2,8,1474,4,59.49072,24.87892,273,,Z,Väike-Õismäe,2026-05-23 08:25:55+03,2026-05-23
2,8,1476,62,59.43005,24.70704,237,,Z,Väike-Õismäe,2026-05-23 08:25:55+03,2026-05-23
2,8,1710,19,59.47109,24.83569,14,,Z,Äigrumäe,2026-05-23 08:25:55+03,2026-05-23
2,8,1829,77,59.41955,24.64624,78,,Z,Äigrumäe,2026-05-23 08:25:55+03,2026-05-23
2,8,3393,92,59.44351,24.78001,258,,Z,Väike-Õismäe,2026-05-23 08:25:55+03,2026-05-23
2,8,1186,50,59.41214,24.63545,131,,Z,Väike-Õismäe,2026-05-23 08:26:25+03,2026-05-23
2,8,1236,35,59.43672,24.73285,358,,Z,Äigrumäe,2026-05-23 08:26:25+03,2026-05-23
2,8,1474,4,59.48954,24.87499,239,,Z,Väike-Õismäe,2026-05-23 08:26:25+03,2026-05-23
2,8,1476,62,59.42989,24.70648,237,,Z,Väike-Õismäe,2026-05-23 08:26:25+03,2026-05-23
2,8,1710,19,59.47161,24.83589,10,,Z,Äigrumäe,2026-05-23 08:26:25+03,2026-05-23
2,8,1829,77,59.42019,24.64501,261,,Z,Äigrumäe,2026-05-23 08:26:25+03,2026-05-23
2,8,3393,92,59.44254,24.77539,248,,Z,Väike-Õismäe,2026-05-23 08:26:25+03,2026-05-23
2,8,1186,50,59.41214,24.63545,131,,Z,Väike-Õismäe,2026-05-23 08:26:55+03,2026-05-23
2,8,1236,35,59.43708,24.73329,46,,Z,Äigrumäe,2026-05-23 08:26:55+03,2026-05-23
2,8,1474,4,59.48832,24.8707,242,,Z,Väike-Õismäe,2026-05-23 08:26:55+03,2026-05-23
2,8,1476,62,59.42954,24.70552,234,,Z,Väike-Õismäe,2026-05-23 08:26:55+03,2026-05-23
2,8,1710,19,59.47405,24.83757,22,,Z,Äigrumäe,2026-05-23 08:26:55+03,2026-05-23
2,8,1829,77,59.42067,24.64432,321,,Z,Äigrumäe,2026-05-23 08:26:55+03,2026-05-23
2,8,3393,92,59.44243,24.77488,248,,Z,Väike-Õismäe,2026-05-23 08:26:55+03,2026-05-23
2,8,1186,50,59.41215,24.63544,131,,Z,Väike-Õismäe,2026-05-23 08:27:25+03,2026-05-23
2,8,1236,35,59.43927,24.73662,51,,Z,Äigrumäe,2026-05-23 08:27:25+03,2026-05-23
2,8,1474,4,59.48738,24.86759,240,,Z,Väike-Õismäe,2026-05-23 08:27:25+03,2026-05-23
2,8,1476,62,59.42947,24.70523,239,,Z,Väike-Õismäe,2026-05-23 08:27:25+03,2026-05-23
2,8,1710,19,59.47424,24.84068,79,,Z,Äigrumäe,2026-05-23 08:27:25+03,2026-05-23
2,8,1829,77,59.42246,24.64524,47,,Z,Äigrumäe,2026-05-23 08:27:25+03,2026-05-23
2,8,3393,92,59.44141,24.77034,247,,Z,Väike-Õismäe,2026-05-23 08:27:25+03,2026-05-23
2,8,1186,50,59.41215,24.63544,131,,Z,Väike-Õismäe,2026-05-23 08:27:55+03,2026-05-23
2,8,1236,35,59.43963,24.7379,60,,Z,Äigrumäe,2026-05-23 08:27:55+03,2026-05-23
2,8,1474,4,59.48704,24.86535,260,,Z,Väike-Õismäe,2026-05-23 08:27:55+03,2026-05-23
2,8,1476,62,59.42927,24.70272,266,,Z,Väike-Õismäe,2026-05-23 08:27:55+03,2026-05-23
2,8,1710,19,59.47562,24.84573,43,,Z,Äigrumäe,2026-05-23 08:27:55+03,2026-05-23
2,8,1829,77,59.42326,24.64753,44,,Z,Äigrumäe,2026-05-23 08:27:55+03,2026-05-23
2,8,3393,92,59.44061,24.76646,247,,Z,Väike-Õismäe,2026-05-23 08:27:55+03,2026-05-23
2,8,1186,50,59.41215,24.63544,131,,Z,Väike-Õismäe,2026-05-23 08:28:25+03,2026-05-23
2,8,1236,35,59.44046,24.74003,52,,Z,Äigrumäe,2026-05-23 08:28:25+03,2026-05-23
2,8,1474,4,59.48498,24.86238,209,,Z,Väike-Õismäe,2026-05-23 08:28:25+03,2026-05-23
2,8,1476,62,59.42945,24.69889,278,,Z,Väike-Õismäe,2026-05-23 08:28:25+03,2026-05-23
2,8,1710,19,59.47826,24.84829,46,,Z,Äigrumäe,2026-05-23 08:28:25+03,2026-05-23
2,8,1829,77,59.42371,24.64863,44,,Z,Äigrumäe,2026-05-23 08:28:25+03,2026-05-23
2,8,3393,92,59.43985,24.76155,255,,Z,Väike-Õismäe,2026-05-23 08:28:25+03,2026-05-23
2,8,1186,50,59.41215,24.63544,131,,Z,Väike-Õismäe,2026-05-23 08:28:55+03,2026-05-23
2,8,1236,35,59.44209,24.7444,50,,Z,Äigrumäe,2026-05-23 08:28:55+03,2026-05-23
2,8,1474,4,59.48322,24.85954,210,,Z,Väike-Õismäe,2026-05-23 08:28:55+03,2026-05-23
2,8,1476,62,59.42961,24.6962,276,,Z,Väike-Õismäe,2026-05-23 08:28:55+03,2026-05-23
2,8,1710,19,59.47919,24.85024,46,,Z,Äigrumäe,2026-05-23 08:28:55+03,2026-05-23
2,8,1829,77,59.42523,24.65469,66,,Z,Äigrumäe,2026-05-23 08:28:55+03,2026-05-23
2,8,3393,92,59.44013,24.75921,290,,Z,Väike-Õismäe,2026-05-23 08:28:55+03,2026-05-23
2,8,1186,50,59.41215,24.63544,131,,Z,Väike-Õismäe,2026-05-23 08:29:26+03,2026-05-23
2,8,1236,35,59.4427,24.74841,61,,Z,Äigrumäe,2026-05-23 08:29:26+03,2026-05-23
2,8,1474,4,59.48108,24.85701,228,,Z,Väike-Õismäe,2026-05-23 08:29:26+03,2026-05-23
2,8,1476,62,59.42989,24.691,272,,Z,Väike-Õismäe,2026-05-23 08:29:26+03,2026-05-23
2,8,1710,19,59.47996,24.85417,77,,Z,Äigrumäe,2026-05-23 08:29:26+03,2026-05-23
2,8,1829,77,59.42622,24.65889,65,,Z,Äigrumäe,2026-05-23 08:29:26+03,2026-05-23
2,8,3393,92,59.44028,24.75844,290,,Z,Väike-Õismäe,2026-05-23 08:29:26+03,2026-05-23
2,8,1186,50,59.41215,24.63544,131,,Z,Väike-Õismäe,2026-05-23 08:29:56+03,2026-05-23
2,8,1236,35,59.44342,24.75041,17,,Z,Äigrumäe,2026-05-23 08:29:56+03,2026-05-23
2,8,1474,4,59.48003,24.85431,229,,Z,Väike-Õismäe,2026-05-23 08:29:56+03,2026-05-23
2,8,1476,62,59.42978,24.6878,267,,Z,Väike-Õismäe,2026-05-23 08:29:56+03,2026-05-23
2,8,1710,19,59.48149,24.85789,45,,Z,Äigrumäe,2026-05-23 08:29:56+03,2026-05-23
2,8,1829,77,59.42656,24.6607,70,,Z,Äigrumäe,2026-05-23 08:29:56+03,2026-05-23
2,8,3393,92,59.44134,24.75355,297,,Z,Väike-Õismäe,2026-05-23 08:29:56+03,2026-05-23
2,8,1186,50,59.41219,24.6354,131,,Z,Väike-Õismäe,2026-05-23 08:30:26+03,2026-05-23
2,8,1236,35,59.44289,24.7516,131,,Z,Äigrumäe,2026-05-23 08:30:26+03,2026-05-23
2,8,1474,4,59.4797,24.85158,258,,Z,Väike-Õismäe,2026-05-23 08:30:26+03,2026-05-23
2,8,1476,62,59.42949,24.68458,260,,Z,Väike-Õismäe,2026-05-23 08:30:26+03,2026-05-23
2,8,1710,19,59.4839,24.86035,30,,Z,Äigrumäe,2026-05-23 08:30:26+03,2026-05-23
2,8,1829,77,59.4275,24.66785,75,,Z,Äigrumäe,2026-05-23 08:30:26+03,2026-05-23
2,8,3393,92,59.44338,24.75306,4,,Z,Väike-Õismäe,2026-05-23 08:30:26+03,2026-05-23
2,8,1186,50,59.41219,24.6354,131,,Z,Väike-Õismäe,2026-05-23 08:30:56+03,2026-05-23
2,8,1236,35,59.44069,24.75417,134,,Z,Äigrumäe,2026-05-23 08:30:56+03,2026-05-23
2,8,1474,4,59.47859,24.84893,228,,Z,Väike-Õismäe,2026-05-23 08:30:56+03,2026-05-23
2,8,1476,62,59.42891,24.67936,257,,Z,Väike-Õismäe,2026-05-23 08:30:56+03,2026-05-23
2,8,1710,19,59.48624,24.86362,23,,Z,Äigrumäe,2026-05-23 08:30:56+03,2026-05-23
2,8,1829,77,59.42793,24.6742,81,,Z,Äigrumäe,2026-05-23 08:30:56+03,2026-05-23
2,8,3393,92,59.44382,24.7511,282,,Z,Väike-Õismäe,2026-05-23 08:30:56+03,2026-05-23
2,8,1186,50,59.41219,24.6354,131,,Z,Väike-Õismäe,2026-05-23 08:31:26+03,2026-05-23
2,8,1236,35,59.44041,24.7551,134,,Z,Äigrumäe,2026-05-23 08:31:26+03,2026-05-23
2,8,1474,4,59.47787,24.84747,226,,Z,Väike-Õismäe,2026-05-23 08:31:26+03,2026-05-23
2,8,1476,62,59.42846,24.67597,257,,Z,Väike-Õismäe,2026-05-23 08:31:26+03,2026-05-23
2,8,1710,19,59.4871,24.86646,79,,Z,Äigrumäe,2026-05-23 08:31:26+03,2026-05-23
2,8,1829,77,59.42864,24.68026,75,,Z,Äigrumäe,2026-05-23 08:31:26+03,2026-05-23
2,8,3393,92,59.44384,24.75106,282,,Z,Väike-Õismäe,2026-05-23 08:31:26+03,2026-05-23
2,8,1186,50,59.41219,24.6354,131,,Z,Väike-Õismäe,2026-05-23 08:31:56+03,2026-05-23
2,8,1236,35,59.43942,24.75974,97,,Z,Äigrumäe,2026-05-23 08:31:56+03,2026-05-23
2,8,1474,4,59.47537,24.84543,204,,Z,Väike-Õismäe,2026-05-23 08:31:56+03,2026-05-23
2,8,1476,62,59.4282,24.6731,263,,Z,Väike-Õismäe,2026-05-23 08:31:56+03,2026-05-23
2,8,1710,19,59.48796,24.8696,60,,Z,Äigrumäe,2026-05-23 08:31:56+03,2026-05-23
2,8,1829,77,59.42879,24.6817,78,,Z,Äigrumäe,2026-05-23 08:31:56+03,2026-05-23
2,8,3393,92,59.4443,24.74623,280,,Z,Väike-Õismäe,2026-05-23 08:31:56+03,2026-05-23
2,8,1186,50,59.41219,24.6354,131,,Z,Väike-Õismäe,2026-05-23 08:32:26+03,2026-05-23
2,8,1236,35,59.43948,24.76087,97,,Z,Äigrumäe,2026-05-23 08:32:26+03,2026-05-23
2,8,1474,4,59.47427,24.8406,249,,Z,Väike-Õismäe,2026-05-23 08:32:26+03,2026-05-23
2,8,1476,62,59.42766,24.66655,260,,Z,Väike-Õismäe,2026-05-23 08:32:26+03,2026-05-23
2,8,1710,19,59.48945,24.87474,60,,Z,Äigrumäe,2026-05-23 08:32:26+03,2026-05-23
2,8,1829,77,59.42943,24.68853,83,,Z,Äigrumäe,2026-05-23 08:32:26+03,2026-05-23
2,8,3393,92,59.44383,24.74344,242,,Z,Väike-Õismäe,2026-05-23 08:32:26+03,2026-05-23
2,8,1186,50,59.41219,24.6354,131,,Z,Väike-Õismäe,2026-05-23 08:32:56+03,2026-05-23
2,8,1236,35,59.44,24.7641,71,,Z,Äigrumäe,2026-05-23 08:32:56+03,2026-05-23
2,8,1474,4,59.47423,24.83806,273,,Z,Väike-Õismäe,2026-05-23 08:32:56+03,2026-05-23
2,8,1476,62,59.42664,24.65916,251,,Z,Väike-Õismäe,2026-05-23 08:32:56+03,2026-05-23
2,8,1710,19,59.49075,24.87938,60,,Z,Äigrumäe,2026-05-23 08:32:56+03,2026-05-23
2,8,1829,77,59.42955,24.69258,85,,Z,Äigrumäe,2026-05-23 08:32:56+03,2026-05-23
2,8,3393,92,59.44265,24.74265,189,,Z,Väike-Õismäe,2026-05-23 08:32:56+03,2026-05-23
2,8,1186,50,59.41219,24.6354,131,,Z,Väike-Õismäe,2026-05-23 08:33:27+03,2026-05-23
2,8,1236,35,59.44118,24.76996,68,,Z,Äigrumäe,2026-05-23 08:33:27+03,2026-05-23
2,8,1474,4,59.4743,24.83746,273,,Z,Väike-Õismäe,2026-05-23 08:33:27+03,2026-05-23
2,8,1476,62,59.42624,24.6574,247,,Z,Väike-Õismäe,2026-05-23 08:33:27+03,2026-05-23
2,8,1710,19,59.48922,24.88084,165,,Z,Äigrumäe,2026-05-23 08:33:27+03,2026-05-23
2,8,1829,77,59.4295,24.69499,95,,Z,Äigrumäe,2026-05-23 08:33:27+03,2026-05-23
2,8,3393,92,59.44182,24.74344,136,,Z,Väike-Õismäe,2026-05-23 08:33:27+03,2026-05-23
2,8,1186,50,59.41219,24.6354,131,,Z,Väike-Õismäe,2026-05-23 08:33:57+03,2026-05-23
2,8,1236,35,59.44168,24.77227,67,,Z,Äigrumäe,2026-05-23 08:33:57+03,2026-05-23
2,8,1474,4,59.47358,24.837,241,,Z,Väike-Õismäe,2026-05-23 08:33:57+03,2026-05-23
2,8,1476,62,59.42474,24.65082,248,,Z,Väike-Õismäe,2026-05-23 08:33:57+03,2026-05-23
2,8,1710,19,59.4861,24.88238,152,,Z,Äigrumäe,2026-05-23 08:33:57+03,2026-05-23
2,8,1829,77,59.42933,24.698,98,,Z,Äigrumäe,2026-05-23 08:33:57+03,2026-05-23
2,8,3393,92,59.44033,24.73946,235,,Z,Väike-Õismäe,2026-05-23 08:33:57+03,2026-05-23
2,8,1186,50,59.41219,24.6354,131,,Z,Väike-Õismäe,2026-05-23 08:34:27+03,2026-05-23
2,8,1236,35,59.4422,24.77457,65,,Z,Äigrumäe,2026-05-23 08:34:27+03,2026-05-23
2,8,1474,4,59.47069,24.83512,197,,Z,Väike-Õismäe,2026-05-23 08:34:27+03,2026-05-23
2,8,1476,62,59.42385,24.64788,239,,Z,Väike-Õismäe,2026-05-23 08:34:27+03,2026-05-23
2,8,1710,19,59.48363,24.8852,148,,Z,Äigrumäe,2026-05-23 08:34:27+03,2026-05-23
2,8,1829,77,59.42924,24.70012,96,,Z,Äigrumäe,2026-05-23 08:34:27+03,2026-05-23
2,8,3393,92,59.43972,24.73765,239,,Z,Väike-Õismäe,2026-05-23 08:34:27+03,2026-05-23
2,8,1186,50,59.41219,24.6354,131,,Z,Väike-Õismäe,2026-05-23 08:34:57+03,2026-05-23
2,8,1236,35,59.44298,24.77794,65,,Z,Äigrumäe,2026-05-23 08:34:57+03,2026-05-23
2,8,1474,4,59.47006,24.83493,188,,Z,Väike-Õismäe,2026-05-23 08:34:57+03,2026-05-23
2,8,1476,62,59.42275,24.64691,130,,Z,Väike-Õismäe,2026-05-23 08:34:57+03,2026-05-23
2,8,1710,19,59.48143,24.88938,138,,Z,Äigrumäe,2026-05-23 08:34:57+03,2026-05-23
2,8,1829,77,59.42923,24.70044,96,,Z,Äigrumäe,2026-05-23 08:34:57+03,2026-05-23
2,8,3393,92,59.43972,24.73762,239,,Z,Väike-Õismäe,2026-05-23 08:34:57+03,2026-05-23
2,8,1186,50,59.41219,24.6354,131,,Z,Väike-Õismäe,2026-05-23 08:35:27+03,2026-05-23
2,8,1236,35,59.44342,24.78355,89,,Z,Äigrumäe,2026-05-23 08:35:27+03,2026-05-23
2,8,1474,4,59.46736,24.83351,196,,Z,Väike-Õismäe,2026-05-23 08:35:27+03,2026-05-23
2,8,1476,62,59.42129,24.64931,145,,Z,Väike-Õismäe,2026-05-23 08:35:27+03,2026-05-23
2,8,1710,19,59.48122,24.8909,134,,Z,Äigrumäe,2026-05-23 08:35:27+03,2026-05-23
2,8,1829,77,59.42925,24.70064,96,,Z,Äigrumäe,2026-05-23 08:35:27+03,2026-05-23
2,8,3393,92,59.43971,24.73762,239,,Z,Väike-Õismäe,2026-05-23 08:35:27+03,2026-05-23
2,8,1186,50,59.41219,24.6354,131,,Z,Väike-Õismäe,2026-05-23 08:35:57+03,2026-05-23
2,8,1236,35,59.44255,24.78899,118,,Z,Äigrumäe,2026-05-23 08:35:57+03,2026-05-23
2,8,1474,4,59.46672,24.83276,239,,Z,Väike-Õismäe,2026-05-23 08:35:57+03,2026-05-23
2,8,1476,62,59.42103,24.64944,145,,Z,Väike-Õismäe,2026-05-23 08:35:57+03,2026-05-23
2,8,1710,19,59.48128,24.89081,134,,Z,Äigrumäe,2026-05-23 08:35:57+03,2026-05-23
2,8,1829,77,59.42925,24.7012,96,,Z,Äigrumäe,2026-05-23 08:35:57+03,2026-05-23
2,8,3393,92,59.43819,24.73439,224,,Z,Väike-Õismäe,2026-05-23 08:35:57+03,2026-05-23
2,8,1186,50,59.41219,24.6354,131,,Z,Väike-Õismäe,2026-05-23 08:36:27+03,2026-05-23
2,8,1236,35,59.44237,24.79092,95,,Z,Äigrumäe,2026-05-23 08:36:27+03,2026-05-23
2,8,1474,4,59.46661,24.83299,239,,Z,Väike-Õismäe,2026-05-23 08:36:27+03,2026-05-23
2,8,1476,62,59.42041,24.64684,251,,Z,Väike-Õismäe,2026-05-23 08:36:27+03,2026-05-23
2,8,1710,19,59.48127,24.8908,134,,Z,Äigrumäe,2026-05-23 08:36:27+03,2026-05-23
2,8,1829,77,59.42923,24.70327,91,,Z,Äigrumäe,2026-05-23 08:36:27+03,2026-05-23
2,8,3393,92,59.43652,24.732,206,,Z,Väike-Õismäe,2026-05-23 08:36:27+03,2026-05-23
2,8,1186,50,59.41219,24.6354,131,,Z,Väike-Õismäe,2026-05-23 08:36:58+03,2026-05-23
2,8,1236,35,59.44287,24.79453,73,,Z,Äigrumäe,2026-05-23 08:36:58+03,2026-05-23
2,8,1474,4,59.46475,24.82957,224,,Z,Väike-Õismäe,2026-05-23 08:36:58+03,2026-05-23
2,8,1476,62,59.41968,24.64385,239,,Z,Väike-Õismäe,2026-05-23 08:36:58+03,2026-05-23
2,8,1710,19,59.48127,24.89082,134,,Z,Äigrumäe,2026-05-23 08:36:58+03,2026-05-23
2,8,1829,77,59.42921,24.70354,91,,Z,Äigrumäe,2026-05-23 08:36:58+03,2026-05-23
2,8,3393,92,59.43637,24.72849,255,,Z,Väike-Õismäe,2026-05-23 08:36:58+03,2026-05-23
2,8,1186,50,59.41219,24.6354,131,,Z,Väike-Õismäe,2026-05-23 08:37:28+03,2026-05-23
2,8,1236,35,59.44301,24.79498,73,,Z,Äigrumäe,2026-05-23 08:37:28+03,2026-05-23
2,8,1474,4,59.4635,24.82699,229,,Z,Väike-Õismäe,2026-05-23 08:37:28+03,2026-05-23
2,8,1476,62,59.41722,24.64023,204,,Z,Väike-Õismäe,2026-05-23 08:37:28+03,2026-05-23
2,8,1710,19,59.48128,24.89082,134,,Z,Äigrumäe,2026-05-23 08:37:28+03,2026-05-23
2,8,1829,77,59.42921,24.70416,91,,Z,Äigrumäe,2026-05-23 08:37:28+03,2026-05-23
2,8,3393,92,59.4362,24.72809,255,,Z,Väike-Õismäe,2026-05-23 08:37:28+03,2026-05-23
2,8,1186,50,59.41219,24.6354,131,,Z,Väike-Õismäe,2026-05-23 08:37:58+03,2026-05-23
2,8,1236,35,59.44481,24.79804,38,,Z,Äigrumäe,2026-05-23 08:37:58+03,2026-05-23
2,8,1474,4,59.46178,24.82255,241,,Z,Väike-Õismäe,2026-05-23 08:37:58+03,2026-05-23
2,8,1476,62,59.41383,24.64004,164,,Z,Väike-Õismäe,2026-05-23 08:37:58+03,2026-05-23
2,8,1710,19,59.48127,24.89083,134,,Z,Äigrumäe,2026-05-23 08:37:58+03,2026-05-23
2,8,1829,77,59.42921,24.70423,91,,Z,Äigrumäe,2026-05-23 08:37:58+03,2026-05-23
2,8,3393,92,59.43526,24.72528,236,,Z,Väike-Õismäe,2026-05-23 08:37:58+03,2026-05-23
2,8,1186,51,59.41219,24.6354,131,,Z,Äigrumäe,2026-05-23 08:38:28+03,2026-05-23
2,8,1236,35,59.44707,24.80164,39,,Z,Äigrumäe,2026-05-23 08:38:28+03,2026-05-23
2,8,1474,4,59.46065,24.81768,244,,Z,Väike-Õismäe,2026-05-23 08:38:28+03,2026-05-23
2,8,1476,62,59.41281,24.63787,280,,Z,Väike-Õismäe,2026-05-23 08:38:28+03,2026-05-23
2,8,1710,19,59.48127,24.89083,134,,Z,Äigrumäe,2026-05-23 08:38:28+03,2026-05-23
2,8,1829,77,59.42978,24.70747,77,,Z,Äigrumäe,2026-05-23 08:38:28+03,2026-05-23
2,8,3393,92,59.43399,24.72215,249,,Z,Väike-Õismäe,2026-05-23 08:38:28+03,2026-05-23
2,8,1186,51,59.41273,24.63646,56,,Z,Äigrumäe,2026-05-23 08:38:58+03,2026-05-23
2,8,1236,35,59.44837,24.80357,37,,Z,Äigrumäe,2026-05-23 08:38:58+03,2026-05-23
2,8,1474,4,59.45919,24.81398,228,,Z,Väike-Õismäe,2026-05-23 08:38:58+03,2026-05-23
2,8,1476,62,59.41295,24.63688,296,,Z,Väike-Õismäe,2026-05-23 08:38:58+03,2026-05-23
2,8,1710,19,59.48129,24.89084,134,,Z,Äigrumäe,2026-05-23 08:38:58+03,2026-05-23
2,8,1829,77,59.43122,24.7122,59,,Z,Äigrumäe,2026-05-23 08:38:58+03,2026-05-23
2,8,3393,92,59.43376,24.72103,249,,Z,Väike-Õismäe,2026-05-23 08:38:58+03,2026-05-23
2,8,1186,51,59.4129,24.63675,56,,Z,Äigrumäe,2026-05-23 08:39:28+03,2026-05-23
2,8,1236,35,59.44947,24.80517,36,,Z,Äigrumäe,2026-05-23 08:39:28+03,2026-05-23
2,8,1474,4,59.45714,24.811,211,,Z,Väike-Õismäe,2026-05-23 08:39:28+03,2026-05-23
2,8,1476,62,59.41305,24.63441,289,,Z,Väike-Õismäe,2026-05-23 08:39:28+03,2026-05-23
2,8,1710,19,59.48129,24.89083,134,,Z,Äigrumäe,2026-05-23 08:39:28+03,2026-05-23
2,8,1829,77,59.43133,24.71254,59,,Z,Äigrumäe,2026-05-23 08:39:28+03,2026-05-23
2,8,3393,92,59.43311,24.71751,250,,Z,Väike-Õismäe,2026-05-23 08:39:28+03,2026-05-23
2,8,1186,51,59.41226,24.63977,114,,Z,Äigrumäe,2026-05-23 08:39:58+03,2026-05-23
2,8,1236,35,59.45257,24.808,17,,Z,Äigrumäe,2026-05-23 08:39:58+03,2026-05-23
2,8,1474,4,59.45577,24.80977,204,,Z,Väike-Õismäe,2026-05-23 08:39:58+03,2026-05-23
2,8,1476,62,59.41222,24.63541,138,,Z,Väike-Õismäe,2026-05-23 08:39:58+03,2026-05-23
2,8,1710,19,59.48129,24.89084,134,,Z,Äigrumäe,2026-05-23 08:39:58+03,2026-05-23
2,8,1829,77,59.43201,24.71462,57,,Z,Äigrumäe,2026-05-23 08:39:58+03,2026-05-23
2,8,3393,92,59.43241,24.71458,244,,Z,Väike-Õismäe,2026-05-23 08:39:58+03,2026-05-23
2,8,1186,51,59.41316,24.64066,328,,Z,Äigrumäe,2026-05-23 08:40:29+03,2026-05-23
2,8,1236,35,59.45586,24.81031,23,,Z,Äigrumäe,2026-05-23 08:40:29+03,2026-05-23
2,8,1474,4,59.45255,24.80749,196,,Z,Väike-Õismäe,2026-05-23 08:40:29+03,2026-05-23
2,8,1476,62,59.41224,24.6354,138,,Z,Väike-Õismäe,2026-05-23 08:40:29+03,2026-05-23
2,8,1710,19,59.48127,24.89084,134,,Z,Äigrumäe,2026-05-23 08:40:29+03,2026-05-23
2,8,1829,77,59.43337,24.7193,67,,Z,Äigrumäe,2026-05-23 08:40:29+03,2026-05-23
2,8,3393,92,59.43205,24.71345,238,,Z,Väike-Õismäe,2026-05-23 08:40:29+03,2026-05-23
2,8,1186,51,59.41457,24.6397,342,,Z,Äigrumäe,2026-05-23 08:40:59+03,2026-05-23
2,8,1236,35,59.45867,24.81363,40,,Z,Äigrumäe,2026-05-23 08:40:59+03,2026-05-23
2,8,1474,4,59.45048,24.80589,203,,Z,Väike-Õismäe,2026-05-23 08:40:59+03,2026-05-23
2,8,1476,62,59.41224,24.6354,138,,Z,Väike-Õismäe,2026-05-23 08:40:59+03,2026-05-23
2,8,1710,19,59.48128,24.89085,134,,Z,Äigrumäe,2026-05-23 08:40:59+03,2026-05-23
2,8,1829,77,59.43374,24.72113,69,,Z,Äigrumäe,2026-05-23 08:40:59+03,2026-05-23
2,8,3393,92,59.43186,24.71296,238,,Z,Väike-Õismäe,2026-05-23 08:40:59+03,2026-05-23
2,8,1186,51,59.41572,24.63968,4,,Z,Äigrumäe,2026-05-23 08:41:29+03,2026-05-23
2,8,1236,35,59.46054,24.81893,60,,Z,Äigrumäe,2026-05-23 08:41:29+03,2026-05-23
2,8,1474,4,59.44843,24.80304,216,,Z,Väike-Õismäe,2026-05-23 08:41:29+03,2026-05-23
2,8,1476,62,59.41223,24.63541,138,,Z,Väike-Õismäe,2026-05-23 08:41:29+03,2026-05-23
2,8,1710,20,59.48114,24.89054,134,,Z,Väike-Õismäe,2026-05-23 08:41:29+03,2026-05-23
2,8,1829,77,59.43455,24.7253,66,,Z,Äigrumäe,2026-05-23 08:41:29+03,2026-05-23
2,8,3393,92,59.43048,24.70843,239,,Z,Väike-Õismäe,2026-05-23 08:41:29+03,2026-05-23
2,8,1186,51,59.41773,24.64077,21,,Z,Äigrumäe,2026-05-23 08:41:59+03,2026-05-23
2,8,1236,35,59.46082,24.82004,64,,Z,Äigrumäe,2026-05-23 08:41:59+03,2026-05-23
2,8,1474,4,59.44748,24.80165,217,,Z,Väike-Õismäe,2026-05-23 08:41:59+03,2026-05-23
2,8,1476,62,59.41222,24.6354,138,,Z,Väike-Õismäe,2026-05-23 08:41:59+03,2026-05-23
2,8,1710,20,59.48143,24.88936,317,,Z,Väike-Õismäe,2026-05-23 08:41:59+03,2026-05-23
2,8,1829,77,59.43487,24.72836,78,,Z,Äigrumäe,2026-05-23 08:41:59+03,2026-05-23
2,8,3393,92,59.42998,24.70678,238,,Z,Väike-Õismäe,2026-05-23 08:41:59+03,2026-05-23
2,8,1186,51,59.41954,24.6457,77,,Z,Äigrumäe,2026-05-23 08:42:30+03,2026-05-23
2,8,1236,35,59.46201,24.82458,62,,Z,Äigrumäe,2026-05-23 08:42:30+03,2026-05-23
2,8,1474,4,59.44517,24.79808,219,,Z,Väike-Õismäe,2026-05-23 08:42:30+03,2026-05-23
2,8,1476,62,59.41221,24.63538,138,,Z,Väike-Õismäe,2026-05-23 08:42:30+03,2026-05-23
2,8,1710,20,59.48334,24.88575,312,,Z,Väike-Õismäe,2026-05-23 08:42:30+03,2026-05-23
2,8,1829,77,59.43491,24.73283,97,,Z,Äigrumäe,2026-05-23 08:42:30+03,2026-05-23
2,8,3393,92,59.4297,24.70602,234,,Z,Väike-Õismäe,2026-05-23 08:42:30+03,2026-05-23
2,8,1186,51,59.42023,24.64626,350,,Z,Äigrumäe,2026-05-23 08:43:00+03,2026-05-23
2,8,1236,35,59.46245,24.82557,53,,Z,Äigrumäe,2026-05-23 08:43:00+03,2026-05-23
2,8,1474,4,59.44466,24.79732,217,,Z,Väike-Õismäe,2026-05-23 08:43:00+03,2026-05-23
2,8,1476,62,59.41221,24.63539,138,,Z,Väike-Õismäe,2026-05-23 08:43:00+03,2026-05-23
2,8,1710,20,59.48439,24.88424,332,,Z,Väike-Õismäe,2026-05-23 08:43:00+03,2026-05-23
2,8,1829,77,59.43668,24.7332,20,,Z,Äigrumäe,2026-05-23 08:43:00+03,2026-05-23
2,8,3393,92,59.42944,24.70511,239,,Z,Väike-Õismäe,2026-05-23 08:43:00+03,2026-05-23
2,8,1186,51,59.42041,24.64477,252,,Z,Äigrumäe,2026-05-23 08:43:30+03,2026-05-23
2,8,1236,35,59.46427,24.8292,45,,Z,Äigrumäe,2026-05-23 08:43:30+03,2026-05-23
2,8,1474,4,59.44349,24.79542,219,,Z,Väike-Õismäe,2026-05-23 08:43:30+03,2026-05-23
2,8,1476,62,59.41222,24.63539,138,,Z,Väike-Õismäe,2026-05-23 08:43:30+03,2026-05-23
2,8,1710,20,59.48522,24.88333,330,,Z,Väike-Õismäe,2026-05-23 08:43:30+03,2026-05-23
2,8,1829,77,59.43795,24.73426,24,,Z,Äigrumäe,2026-05-23 08:43:30+03,2026-05-23
2,8,3393,92,59.42927,24.70286,266,,Z,Väike-Õismäe,2026-05-23 08:43:30+03,2026-05-23
2,8,1186,51,59.42066,24.64437,321,,Z,Äigrumäe,2026-05-23 08:44:00+03,2026-05-23
2,8,1236,35,59.46476,24.83001,39,,Z,Äigrumäe,2026-05-23 08:44:00+03,2026-05-23
2,8,1474,4,59.4426,24.79055,257,,Z,Väike-Õismäe,2026-05-23 08:44:00+03,2026-05-23
2,8,1476,62,59.41222,24.6354,138,,Z,Väike-Õismäe,2026-05-23 08:44:00+03,2026-05-23
2,8,1710,20,59.48725,24.88119,331,,Z,Väike-Õismäe,2026-05-23 08:44:00+03,2026-05-23
2,8,1829,77,59.43951,24.73769,52,,Z,Äigrumäe,2026-05-23 08:44:00+03,2026-05-23
2,8,3393,92,59.42945,24.69876,277,,Z,Väike-Õismäe,2026-05-23 08:44:00+03,2026-05-23
2,8,1186,51,59.42232,24.645,33,,Z,Äigrumäe,2026-05-23 08:44:30+03,2026-05-23
2,8,1236,35,59.46684,24.83354,35,,Z,Äigrumäe,2026-05-23 08:44:30+03,2026-05-23
2,8,1474,4,59.44284,24.7886,291,,Z,Väike-Õismäe,2026-05-23 08:44:30+03,2026-05-23
2,8,1476,62,59.41221,24.63541,138,,Z,Väike-Õismäe,2026-05-23 08:44:30+03,2026-05-23
2,8,1710,20,59.48989,24.88055,346,,Z,Väike-Õismäe,2026-05-23 08:44:30+03,2026-05-23
2,8,1829,77,59.43958,24.73788,52,,Z,Äigrumäe,2026-05-23 08:44:30+03,2026-05-23
2,8,3393,92,59.42957,24.69636,276,,Z,Väike-Õismäe,2026-05-23 08:44:30+03,2026-05-23
2,8,1186,51,59.42305,24.64737,67,,Z,Äigrumäe,2026-05-23 08:45:00+03,2026-05-23
2,8,1236,35,59.46752,24.83387,19,,Z,Äigrumäe,2026-05-23 08:45:00+03,2026-05-23
2,8,1474,4,59.44348,24.78387,279,,Z,Väike-Õismäe,2026-05-23 08:45:00+03,2026-05-23
2,8,1476,62,59.41223,24.6354,138,,Z,Väike-Õismäe,2026-05-23 08:45:00+03,2026-05-23
2,8,1710,20,59.49071,24.88015,345,,Z,Väike-Õismäe,2026-05-23 08:45:00+03,2026-05-23
2,8,1829,77,59.43994,24.73875,51,,Z,Äigrumäe,2026-05-23 08:45:00+03,2026-05-23
2,8,3393,92,59.42988,24.6911,276,,Z,Väike-Õismäe,2026-05-23 08:45:00+03,2026-05-23
2,8,1186,51,59.42371,24.64864,40,,Z,Äigrumäe,2026-05-23 08:45:30+03,2026-05-23
2,8,1236,35,59.46934,24.83477,13,,Z,Äigrumäe,2026-05-23 08:45:30+03,2026-05-23
2,8,1474,4,59.4435,24.77975,261,,Z,Väike-Õismäe,2026-05-23 08:45:30+03,2026-05-23
2,8,1476,62,59.41222,24.63541,138,,Z,Väike-Õismäe,2026-05-23 08:45:30+03,2026-05-23
2,8,1710,20,59.49073,24.879,278,,Z,Väike-Õismäe,2026-05-23 08:45:30+03,2026-05-23
2,8,1829,77,59.44175,24.7434,53,,Z,Äigrumäe,2026-05-23 08:45:30+03,2026-05-23
2,8,3393,92,59.42984,24.68895,267,,Z,Väike-Õismäe,2026-05-23 08:45:30+03,2026-05-23
2,8,1186,51,59.42432,24.65074,64,,Z,Äigrumäe,2026-05-23 08:46:01+03,2026-05-23
2,8,1236,35,59.47122,24.83573,14,,Z,Äigrumäe,2026-05-23 08:46:01+03,2026-05-23
2,8,1474,4,59.44258,24.77559,249,,Z,Väike-Õismäe,2026-05-23 08:46:01+03,2026-05-23
2,8,1476,62,59.41222,24.63541,138,,Z,Väike-Õismäe,2026-05-23 08:46:01+03,2026-05-23
2,8,1710,20,59.49012,24.87701,241,,Z,Väike-Õismäe,2026-05-23 08:46:01+03,2026-05-23
2,8,1829,77,59.44252,24.74771,59,,Z,Äigrumäe,2026-05-23 08:46:01+03,2026-05-23
2,8,3393,92,59.4292,24.682,257,,Z,Väike-Õismäe,2026-05-23 08:46:01+03,2026-05-23
2,8,1186,51,59.42536,24.65525,67,,Z,Äigrumäe,2026-05-23 08:46:31+03,2026-05-23
2,8,1236,35,59.47288,24.83662,17,,Z,Äigrumäe,2026-05-23 08:46:31+03,2026-05-23
2,8,1474,4,59.44243,24.77491,249,,Z,Väike-Õismäe,2026-05-23 08:46:31+03,2026-05-23
2,8,1476,62,59.41221,24.63542,138,,Z,Väike-Õismäe,2026-05-23 08:46:31+03,2026-05-23
2,8,1710,20,59.48867,24.87198,240,,Z,Väike-Õismäe,2026-05-23 08:46:31+03,2026-05-23
2,8,1829,77,59.44353,24.74999,38,,Z,Äigrumäe,2026-05-23 08:46:31+03,2026-05-23
2,8,3393,92,59.42888,24.67919,256,,Z,Väike-Õismäe,2026-05-23 08:46:31+03,2026-05-23
2,8,1186,51,59.42625,24.65903,68,,Z,Äigrumäe,2026-05-23 08:47:01+03,2026-05-23
2,8,1236,35,59.47403,24.83854,91,,Z,Äigrumäe,2026-05-23 08:47:01+03,2026-05-23
2,8,1474,4,59.44132,24.76978,248,,Z,Väike-Õismäe,2026-05-23 08:47:01+03,2026-05-23
2,8,1476,62,59.41221,24.63541,138,,Z,Väike-Õismäe,2026-05-23 08:47:01+03,2026-05-23
2,8,1710,20,59.48835,24.87075,242,,Z,Väike-Õismäe,2026-05-23 08:47:01+03,2026-05-23
2,8,1829,77,59.44323,24.75099,120,,Z,Äigrumäe,2026-05-23 08:47:01+03,2026-05-23
2,8,3393,92,59.42832,24.67479,257,,Z,Väike-Õismäe,2026-05-23 08:47:01+03,2026-05-23
2,8,1186,51,59.42661,24.66106,70,,Z,Äigrumäe,2026-05-23 08:47:31+03,2026-05-23
2,8,1236,35,59.47422,24.84052,78,,Z,Äigrumäe,2026-05-23 08:47:31+03,2026-05-23
2,8,1474,4,59.44095,24.76829,242,,Z,Väike-Õismäe,2026-05-23 08:47:31+03,2026-05-23
2,8,1476,62,59.41221,24.63542,138,,Z,Väike-Õismäe,2026-05-23 08:47:31+03,2026-05-23
2,8,1710,20,59.48744,24.86774,239,,Z,Väike-Õismäe,2026-05-23 08:47:31+03,2026-05-23
2,8,1829,77,59.44133,24.7531,152,,Z,Äigrumäe,2026-05-23 08:47:31+03,2026-05-23
2,8,3393,92,59.42781,24.66825,263,,Z,Väike-Õismäe,2026-05-23 08:47:31+03,2026-05-23
2,8,1186,51,59.42744,24.6673,75,,Z,Äigrumäe,2026-05-23 08:48:01+03,2026-05-23
2,8,1236,35,59.47536,24.8455,61,,Z,Äigrumäe,2026-05-23 08:48:01+03,2026-05-23
2,8,1474,4,59.43999,24.76256,253,,Z,Väike-Õismäe,2026-05-23 08:48:01+03,2026-05-23
2,8,1476,62,59.41221,24.63542,138,,Z,Väike-Õismäe,2026-05-23 08:48:01+03,2026-05-23
2,8,1710,20,59.48705,24.86533,260,,Z,Väike-Õismäe,2026-05-23 08:48:01+03,2026-05-23
2,8,1829,77,59.44042,24.75488,133,,Z,Äigrumäe,2026-05-23 08:48:01+03,2026-05-23
2,8,3393,92,59.427,24.66131,254,,Z,Väike-Õismäe,2026-05-23 08:48:01+03,2026-05-23
2,8,1186,51,59.42778,24.67217,83,,Z,Äigrumäe,2026-05-23 08:48:31+03,2026-05-23
2,8,1236,35,59.47793,24.84762,33,,Z,Äigrumäe,2026-05-23 08:48:31+03,2026-05-23
2,8,1474,4,59.44017,24.75894,289,,Z,Väike-Õismäe,2026-05-23 08:48:31+03,2026-05-23
2,8,1476,62,59.41221,24.63542,138,,Z,Väike-Õismäe,2026-05-23 08:48:31+03,2026-05-23
2,8,1710,20,59.48523,24.86272,204,,Z,Väike-Õismäe,2026-05-23 08:48:31+03,2026-05-23
2,8,1829,77,59.43957,24.75845,108,,Z,Äigrumäe,2026-05-23 08:48:31+03,2026-05-23
2,8,3393,92,59.42654,24.65868,252,,Z,Väike-Õismäe,2026-05-23 08:48:31+03,2026-05-23
2,8,1186,51,59.4282,24.67696,76,,Z,Äigrumäe,2026-05-23 08:49:01+03,2026-05-23
2,8,1236,35,59.47921,24.85029,46,,Z,Äigrumäe,2026-05-23 08:49:01+03,2026-05-23
2,8,1474,4,59.4405,24.75709,291,,Z,Väike-Õismäe,2026-05-23 08:49:01+03,2026-05-23
2,8,1476,62,59.41221,24.63541,138,,Z,Väike-Õismäe,2026-05-23 08:49:01+03,2026-05-23
2,8,1710,20,59.48326,24.85957,210,,Z,Väike-Õismäe,2026-05-23 08:49:01+03,2026-05-23
2,8,1829,77,59.43957,24.75857,108,,Z,Äigrumäe,2026-05-23 08:49:01+03,2026-05-23
2,8,3393,92,59.42631,24.65768,246,,Z,Väike-Õismäe,2026-05-23 08:49:01+03,2026-05-23
2,8,1186,51,59.42865,24.68049,75,,Z,Äigrumäe,2026-05-23 08:49:31+03,2026-05-23
2,8,1236,35,59.47988,24.85378,80,,Z,Äigrumäe,2026-05-23 08:49:31+03,2026-05-23
2,8,1474,4,59.44283,24.753,356,,Z,Väike-Õismäe,2026-05-23 08:49:31+03,2026-05-23
2,8,1476,62,59.41222,24.63541,138,,Z,Väike-Õismäe,2026-05-23 08:49:31+03,2026-05-23
2,8,1710,20,59.48106,24.85697,228,,Z,Väike-Õismäe,2026-05-23 08:49:31+03,2026-05-23
2,8,1829,77,59.43947,24.75998,98,,Z,Äigrumäe,2026-05-23 08:49:31+03,2026-05-23
2,8,3393,92,59.42605,24.65673,241,,Z,Väike-Õismäe,2026-05-23 08:49:31+03,2026-05-23
2,8,1186,51,59.42892,24.68296,77,,Z,Äigrumäe,2026-05-23 08:50:02+03,2026-05-23
2,8,1236,35,59.48033,24.85516,64,,Z,Äigrumäe,2026-05-23 08:50:02+03,2026-05-23
2,8,1474,4,59.4438,24.75124,282,,Z,Väike-Õismäe,2026-05-23 08:50:02+03,2026-05-23
2,8,1476,62,59.41222,24.63541,138,,Z,Väike-Õismäe,2026-05-23 08:50:02+03,2026-05-23
2,8,1710,20,59.48007,24.85441,227,,Z,Väike-Õismäe,2026-05-23 08:50:02+03,2026-05-23
2,8,1829,77,59.43978,24.76265,76,,Z,Äigrumäe,2026-05-23 08:50:02+03,2026-05-23
2,8,3393,92,59.42572,24.65526,246,,Z,Väike-Õismäe,2026-05-23 08:50:02+03,2026-05-23
2,8,1186,51,59.42943,24.68887,85,,Z,Äigrumäe,2026-05-23 08:50:32+03,2026-05-23
2,8,1236,35,59.48152,24.85793,51,,Z,Äigrumäe,2026-05-23 08:50:32+03,2026-05-23
2,8,1474,4,59.44385,24.75064,282,,Z,Väike-Õismäe,2026-05-23 08:50:32+03,2026-05-23
2,8,1476,62,59.41221,24.63541,138,,Z,Väike-Õismäe,2026-05-23 08:50:32+03,2026-05-23
2,8,1710,20,59.47987,24.85332,250,,Z,Väike-Õismäe,2026-05-23 08:50:32+03,2026-05-23
2,8,1829,77,59.4398,24.76279,76,,Z,Äigrumäe,2026-05-23 08:50:32+03,2026-05-23
2,8,3393,92,59.42469,24.65065,248,,Z,Väike-Õismäe,2026-05-23 08:50:32+03,2026-05-23
2,8,1186,51,59.42955,24.69288,86,,Z,Äigrumäe,2026-05-23 08:51:02+03,2026-05-23
2,8,1236,35,59.48378,24.8602,30,,Z,Äigrumäe,2026-05-23 08:51:02+03,2026-05-23
2,8,1474,4,59.44414,24.74792,282,,Z,Väike-Õismäe,2026-05-23 08:51:02+03,2026-05-23
2,8,1476,62,59.41221,24.63541,138,,Z,Väike-Õismäe,2026-05-23 08:51:02+03,2026-05-23
2,8,1710,20,59.47864,24.84901,228,,Z,Väike-Õismäe,2026-05-23 08:51:02+03,2026-05-23
2,8,1829,77,59.44047,24.76623,67,,Z,Äigrumäe,2026-05-23 08:51:02+03,2026-05-23
2,8,3393,92,59.42402,24.64839,241,,Z,Väike-Õismäe,2026-05-23 08:51:02+03,2026-05-23
2,8,1186,51,59.42934,24.69753,97,,Z,Äigrumäe,2026-05-23 08:51:32+03,2026-05-23
2,8,1236,35,59.48643,24.86375,22,,Z,Äigrumäe,2026-05-23 08:51:32+03,2026-05-23
2,8,1474,4,59.44406,24.74367,229,,Z,Väike-Õismäe,2026-05-23 08:51:32+03,2026-05-23
2,8,1476,62,59.41222,24.63541,138,,Z,Väike-Õismäe,2026-05-23 08:51:32+03,2026-05-23
2,8,1710,20,59.47771,24.84712,226,,Z,Väike-Õismäe,2026-05-23 08:51:32+03,2026-05-23
2,8,1829,77,59.44162,24.77196,67,,Z,Äigrumäe,2026-05-23 08:51:32+03,2026-05-23
2,8,3393,92,59.42358,24.64651,256,,Z,Väike-Õismäe,2026-05-23 08:51:32+03,2026-05-23
2,8,1186,51,59.42934,24.69753,97,,Z,Äigrumäe,2026-05-23 08:52:02+03,2026-05-23
2,8,1236,35,59.48709,24.86646,76,,Z,Äigrumäe,2026-05-23 08:52:02+03,2026-05-23
2,8,1474,4,59.44294,24.74264,204,,Z,Väike-Õismäe,2026-05-23 08:52:02+03,2026-05-23
2,8,1476,62,59.41222,24.63542,138,,Z,Väike-Õismäe,2026-05-23 08:52:02+03,2026-05-23
2,8,1710,20,59.47522,24.84508,222,,Z,Väike-Õismäe,2026-05-23 08:52:02+03,2026-05-23
2,8,1829,77,59.44211,24.77413,68,,Z,Äigrumäe,2026-05-23 08:52:02+03,2026-05-23
2,8,3393,92,59.42276,24.64675,235,,Z,Väike-Õismäe,2026-05-23 08:52:02+03,2026-05-23
2,8,1186,51,59.42928,24.69804,97,,Z,Äigrumäe,2026-05-23 08:52:32+03,2026-05-23
2,8,1236,35,59.48777,24.86898,60,,Z,Äigrumäe,2026-05-23 08:52:32+03,2026-05-23
2,8,1474,4,59.44221,24.74349,138,,Z,Väike-Õismäe,2026-05-23 08:52:32+03,2026-05-23
2,8,1476,62,59.41221,24.63541,138,,Z,Väike-Õismäe,2026-05-23 08:52:32+03,2026-05-23
2,8,1710,20,59.47419,24.83992,258,,Z,Väike-Õismäe,2026-05-23 08:52:32+03,2026-05-23
2,8,1829,77,59.44218,24.77447,68,,Z,Äigrumäe,2026-05-23 08:52:32+03,2026-05-23
2,8,3393,92,59.4214,24.64915,145,,Z,Väike-Õismäe,2026-05-23 08:52:32+03,2026-05-23
2,8,1186,51,59.42934,24.69851,91,,Z,Äigrumäe,2026-05-23 08:53:03+03,2026-05-23
2,8,1236,35,59.48942,24.8747,60,,Z,Äigrumäe,2026-05-23 08:53:03+03,2026-05-23
2,8,1474,4,59.44088,24.74102,233,,Z,Väike-Õismäe,2026-05-23 08:53:03+03,2026-05-23
2,8,1476,62,59.41221,24.6354,138,,Z,Väike-Õismäe,2026-05-23 08:53:03+03,2026-05-23
2,8,1710,20,59.47424,24.83815,262,,Z,Väike-Õismäe,2026-05-23 08:53:03+03,2026-05-23
2,8,1829,77,59.44273,24.77695,65,,Z,Äigrumäe,2026-05-23 08:53:03+03,2026-05-23
2,8,3393,92,59.42049,24.64728,235,,Z,Väike-Õismäe,2026-05-23 08:53:03+03,2026-05-23
2,8,1186,51,59.42925,24.70011,95,,Z,Äigrumäe,2026-05-23 08:53:33+03,2026-05-23
2,8,1236,35,59.48978,24.87603,62,,Z,Äigrumäe,2026-05-23 08:53:33+03,2026-05-23
2,8,1474,4,59.43995,24.7384,233,,Z,Väike-Õismäe,2026-05-23 08:53:33+03,2026-05-23
2,8,1476,62,59.41221,24.6354,138,,Z,Väike-Õismäe,2026-05-23 08:53:33+03,2026-05-23
2,8,1710,20,59.47422,24.83815,262,,Z,Väike-Õismäe,2026-05-23 08:53:33+03,2026-05-23
2,8,1829,77,59.44342,24.78319,90,,Z,Äigrumäe,2026-05-23 08:53:33+03,2026-05-23
2,8,3393,92,59.42037,24.64674,252,,Z,Väike-Õismäe,2026-05-23 08:53:33+03,2026-05-23
2,8,1186,51,59.42924,24.70033,95,,Z,Äigrumäe,2026-05-23 08:54:03+03,2026-05-23
2,8,1236,35,59.49076,24.87984,62,,Z,Äigrumäe,2026-05-23 08:54:03+03,2026-05-23
2,8,1474,4,59.43972,24.73768,236,,Z,Väike-Õismäe,2026-05-23 08:54:03+03,2026-05-23
2,8,1476,62,59.41221,24.63542,138,,Z,Väike-Õismäe,2026-05-23 08:54:03+03,2026-05-23
2,8,1710,20,59.47391,24.83713,242,,Z,Väike-Õismäe,2026-05-23 08:54:03+03,2026-05-23
2,8,1829,77,59.44246,24.78952,108,,Z,Äigrumäe,2026-05-23 08:54:03+03,2026-05-23
2,8,3393,92,59.41916,24.64248,237,,Z,Väike-Õismäe,2026-05-23 08:54:03+03,2026-05-23
2,8,1186,51,59.42921,24.70148,92,,Z,Äigrumäe,2026-05-23 08:54:33+03,2026-05-23
2,8,1236,35,59.48987,24.88048,164,,Z,Äigrumäe,2026-05-23 08:54:33+03,2026-05-23
2,8,1474,4,59.43909,24.73609,232,,Z,Väike-Õismäe,2026-05-23 08:54:33+03,2026-05-23
2,8,1476,62,59.41221,24.63542,138,,Z,Väike-Õismäe,2026-05-23 08:54:33+03,2026-05-23
2,8,1710,20,59.47292,24.83658,196,,Z,Väike-Õismäe,2026-05-23 08:54:33+03,2026-05-23
2,8,1829,77,59.44237,24.79093,99,,Z,Äigrumäe,2026-05-23 08:54:33+03,2026-05-23
2,8,3393,92,59.41814,24.64113,213,,Z,Väike-Õismäe,2026-05-23 08:54:33+03,2026-05-23
2,8,1186,51,59.4292,24.7018,92,,Z,Äigrumäe,2026-05-23 08:55:03+03,2026-05-23
2,8,1236,35,59.48863,24.88092,173,,Z,Äigrumäe,2026-05-23 08:55:03+03,2026-05-23
2,8,1474,4,59.43682,24.73318,204,,Z,Väike-Õismäe,2026-05-23 08:55:03+03,2026-05-23
2,8,1476,62,59.41221,24.63542,138,,Z,Väike-Õismäe,2026-05-23 08:55:03+03,2026-05-23
2,8,1710,20,59.47038,24.83497,193,,Z,Väike-Õismäe,2026-05-23 08:55:03+03,2026-05-23
2,8,1829,77,59.44263,24.79295,73,,Z,Äigrumäe,2026-05-23 08:55:03+03,2026-05-23
2,8,3393,92,59.41632,24.63964,198,,Z,Väike-Õismäe,2026-05-23 08:55:03+03,2026-05-23
2,8,1186,51,59.42921,24.70285,88,,Z,Äigrumäe,2026-05-23 08:55:33+03,2026-05-23
2,8,1236,35,59.48616,24.88225,155,,Z,Äigrumäe,2026-05-23 08:55:33+03,2026-05-23
2,8,1474,4,59.43669,24.73305,202,,Z,Väike-Õismäe,2026-05-23 08:55:33+03,2026-05-23
2,8,1476,62,59.41222,24.63543,138,,Z,Väike-Õismäe,2026-05-23 08:55:33+03,2026-05-23
2,8,1710,20,59.46942,24.8346,190,,Z,Väike-Õismäe,2026-05-23 08:55:33+03,2026-05-23
2,8,1829,77,59.44327,24.79568,54,,Z,Äigrumäe,2026-05-23 08:55:33+03,2026-05-23
2,8,3393,92,59.41632,24.63964,198,,Z,Väike-Õismäe,2026-05-23 08:55:33+03,2026-05-23
2,8,1186,51,59.42921,24.70293,88,,Z,Äigrumäe,2026-05-23 08:56:03+03,2026-05-23
2,8,1236,35,59.48579,24.88269,155,,Z,Äigrumäe,2026-05-23 08:56:03+03,2026-05-23
2,8,1474,4,59.43654,24.73066,257,,Z,Väike-Õismäe,2026-05-23 08:56:03+03,2026-05-23
2,8,1476,62,59.41222,24.63544,138,,Z,Väike-Õismäe,2026-05-23 08:56:03+03,2026-05-23
2,8,1710,20,59.46784,24.83379,194,,Z,Väike-Õismäe,2026-05-23 08:56:03+03,2026-05-23
2,8,1829,77,59.44562,24.79932,38,,Z,Äigrumäe,2026-05-23 08:56:03+03,2026-05-23
2,8,1186,51,59.42919,24.70428,92,,Z,Äigrumäe,2026-05-23 08:56:33+03,2026-05-23
2,8,1236,35,59.48356,24.88528,143,,Z,Äigrumäe,2026-05-23 08:56:33+03,2026-05-23
2,8,1474,4,59.43625,24.72822,248,,Z,Väike-Õismäe,2026-05-23 08:56:33+03,2026-05-23
2,8,1476,62,59.41223,24.63543,138,,Z,Väike-Õismäe,2026-05-23 08:56:33+03,2026-05-23
2,8,1710,20,59.46681,24.83259,236,,Z,Väike-Õismäe,2026-05-23 08:56:33+03,2026-05-23
2,8,1829,77,59.44649,24.80069,38,,Z,Äigrumäe,2026-05-23 08:56:33+03,2026-05-23
2,8,1186,51,59.42919,24.70428,92,,Z,Äigrumäe,2026-05-23 08:57:04+03,2026-05-23
2,8,1236,35,59.48101,24.89019,138,,Z,Äigrumäe,2026-05-23 08:57:04+03,2026-05-23
2,8,1474,4,59.43625,24.72822,248,,Z,Väike-Õismäe,2026-05-23 08:57:04+03,2026-05-23
2,8,1476,62,59.41222,24.63543,138,,Z,Väike-Õismäe,2026-05-23 08:57:04+03,2026-05-23
2,8,1710,20,59.46672,24.83272,236,,Z,Väike-Õismäe,2026-05-23 08:57:04+03,2026-05-23
2,8,1829,77,59.44832,24.80348,37,,Z,Äigrumäe,2026-05-23 08:57:04+03,2026-05-23
2,8,1186,51,59.42963,24.70674,79,,Z,Äigrumäe,2026-05-23 08:57:34+03,2026-05-23
2,8,1236,35,59.48132,24.89074,96,,Z,Äigrumäe,2026-05-23 08:57:34+03,2026-05-23
2,8,1474,4,59.43545,24.72586,237,,Z,Väike-Õismäe,2026-05-23 08:57:34+03,2026-05-23
2,8,1476,63,59.41223,24.63543,138,,Z,Äigrumäe,2026-05-23 08:57:34+03,2026-05-23
2,8,1710,20,59.46536,24.83078,225,,Z,Väike-Õismäe,2026-05-23 08:57:34+03,2026-05-23
2,8,1829,77,59.45023,24.80617,33,,Z,Äigrumäe,2026-05-23 08:57:34+03,2026-05-23
2,8,1186,51,59.43091,24.71121,58,,Z,Äigrumäe,2026-05-23 08:58:04+03,2026-05-23
2,8,1236,35,59.48132,24.89074,96,,Z,Äigrumäe,2026-05-23 08:58:04+03,2026-05-23
2,8,1474,4,59.43412,24.72293,228,,Z,Väike-Õismäe,2026-05-23 08:58:04+03,2026-05-23
2,8,1476,63,59.41222,24.63543,138,,Z,Äigrumäe,2026-05-23 08:58:04+03,2026-05-23
2,8,1710,20,59.46358,24.82712,225,,Z,Väike-Õismäe,2026-05-23 08:58:04+03,2026-05-23
2,8,1829,77,59.45326,24.80841,16,,Z,Äigrumäe,2026-05-23 08:58:04+03,2026-05-23
2,8,1186,51,59.43133,24.71259,60,,Z,Äigrumäe,2026-05-23 08:58:34+03,2026-05-23
2,8,1236,35,59.48127,24.89074,96,,Z,Äigrumäe,2026-05-23 08:58:34+03,2026-05-23
2,8,1474,4,59.43407,24.7226,250,,Z,Väike-Õismäe,2026-05-23 08:58:34+03,2026-05-23
2,8,1476,63,59.41212,24.63584,138,,Z,Äigrumäe,2026-05-23 08:58:34+03,2026-05-23
2,8,1710,20,59.46272,24.82548,224,,Z,Väike-Õismäe,2026-05-23 08:58:34+03,2026-05-23
2,8,1829,77,59.45721,24.81154,24,,Z,Äigrumäe,2026-05-23 08:58:34+03,2026-05-23
2,8,1186,51,59.432,24.7146,58,,Z,Äigrumäe,2026-05-23 08:59:04+03,2026-05-23
2,8,1236,35,59.48125,24.89075,96,,Z,Äigrumäe,2026-05-23 08:59:04+03,2026-05-23
2,8,1474,4,59.4338,24.72118,249,,Z,Väike-Õismäe,2026-05-23 08:59:04+03,2026-05-23
2,8,1476,63,59.41278,24.63651,54,,Z,Äigrumäe,2026-05-23 08:59:04+03,2026-05-23
2,8,1710,20,59.46119,24.81987,246,,Z,Väike-Õismäe,2026-05-23 08:59:04+03,2026-05-23
2,8,1829,77,59.4599,24.81668,53,,Z,Äigrumäe,2026-05-23 08:59:04+03,2026-05-23
2,8,1186,51,59.43335,24.71916,63,,Z,Äigrumäe,2026-05-23 08:59:34+03,2026-05-23
2,8,1236,35,59.48125,24.89076,96,,Z,Äigrumäe,2026-05-23 08:59:34+03,2026-05-23
2,8,1474,4,59.43308,24.71746,248,,Z,Väike-Õismäe,2026-05-23 08:59:34+03,2026-05-23
2,8,1476,63,59.41229,24.63969,113,,Z,Äigrumäe,2026-05-23 08:59:34+03,2026-05-23
2,8,1710,20,59.46063,24.81756,244,,Z,Väike-Õismäe,2026-05-23 08:59:34+03,2026-05-23
2,8,1829,77,59.46027,24.81789,58,,Z,Äigrumäe,2026-05-23 08:59:34+03,2026-05-23
2,8,1186,51,59.43357,24.72029,67,,Z,Äigrumäe,2026-05-23 09:00:04+03,2026-05-23
2,8,1236,35,59.48125,24.89076,96,,Z,Äigrumäe,2026-05-23 09:00:04+03,2026-05-23
2,8,1474,4,59.43285,24.7166,242,,Z,Väike-Õismäe,2026-05-23 09:00:04+03,2026-05-23
2,8,1476,63,59.41226,24.63982,113,,Z,Äigrumäe,2026-05-23 09:00:04+03,2026-05-23
2,8,1710,20,59.45902,24.81362,223,,Z,Väike-Õismäe,2026-05-23 09:00:04+03,2026-05-23
2,8,1829,77,59.46125,24.82159,61,,Z,Äigrumäe,2026-05-23 09:00:04+03,2026-05-23
2,8,1186,51,59.43456,24.72541,67,,Z,Äigrumäe,2026-05-23 09:00:34+03,2026-05-23
2,8,1236,35,59.48123,24.89082,96,,Z,Äigrumäe,2026-05-23 09:00:34+03,2026-05-23
2,8,1474,4,59.43214,24.71372,240,,Z,Väike-Õismäe,2026-05-23 09:00:34+03,2026-05-23
2,8,1476,63,59.4134,24.64047,333,,Z,Äigrumäe,2026-05-23 09:00:34+03,2026-05-23
2,8,1710,20,59.45647,24.81039,204,,Z,Väike-Õismäe,2026-05-23 09:00:34+03,2026-05-23
2,8,1829,77,59.46209,24.82479,62,,Z,Äigrumäe,2026-05-23 09:00:34+03,2026-05-23
2,8,1186,51,59.43475,24.72694,71,,Z,Äigrumäe,2026-05-23 09:01:05+03,2026-05-23
2,8,1236,35,59.48123,24.89082,96,,Z,Äigrumäe,2026-05-23 09:01:05+03,2026-05-23
2,8,1474,4,59.43174,24.71269,231,,Z,Väike-Õismäe,2026-05-23 09:01:05+03,2026-05-23
2,8,1476,63,59.41386,24.64015,340,,Z,Äigrumäe,2026-05-23 09:01:05+03,2026-05-23
2,8,1710,20,59.45426,24.8085,203,,Z,Väike-Õismäe,2026-05-23 09:01:05+03,2026-05-23
2,8,1829,77,59.46274,24.8263,49,,Z,Äigrumäe,2026-05-23 09:01:05+03,2026-05-23
2,8,1186,51,59.4351,24.73212,86,,Z,Äigrumäe,2026-05-23 09:01:35+03,2026-05-23
2,8,1236,36,59.48121,24.89063,96,,Z,Väike-Õismäe,2026-05-23 09:01:35+03,2026-05-23
2,8,1474,4,59.43071,24.70942,238,,Z,Väike-Õismäe,2026-05-23 09:01:35+03,2026-05-23
2,8,1476,63,59.41565,24.63966,0,,Z,Äigrumäe,2026-05-23 09:01:35+03,2026-05-23
2,8,1710,20,59.45175,24.80699,196,,Z,Väike-Õismäe,2026-05-23 09:01:35+03,2026-05-23
2,8,1829,77,59.46429,24.82927,45,,Z,Äigrumäe,2026-05-23 09:01:35+03,2026-05-23
2,8,1186,51,59.43624,24.73275,358,,Z,Äigrumäe,2026-05-23 09:02:05+03,2026-05-23
2,8,1236,36,59.48094,24.89021,96,,Z,Väike-Õismäe,2026-05-23 09:02:05+03,2026-05-23
2,8,1474,4,59.43001,24.70694,238,,Z,Väike-Õismäe,2026-05-23 09:02:05+03,2026-05-23
2,8,1476,63,59.41589,24.63969,0,,Z,Äigrumäe,2026-05-23 09:02:05+03,2026-05-23
2,8,1710,20,59.45044,24.80585,205,,Z,Väike-Õismäe,2026-05-23 09:02:05+03,2026-05-23
2,8,1829,77,59.46625,24.83292,45,,Z,Äigrumäe,2026-05-23 09:02:05+03,2026-05-23
2,8,1186,51,59.43688,24.73335,24,,Z,Äigrumäe,2026-05-23 09:02:35+03,2026-05-23
2,8,1236,36,59.48266,24.88701,320,,Z,Väike-Õismäe,2026-05-23 09:02:35+03,2026-05-23
2,8,1474,4,59.42981,24.70631,238,,Z,Väike-Õismäe,2026-05-23 09:02:35+03,2026-05-23
2,8,1476,63,59.41823,24.64141,29,,Z,Äigrumäe,2026-05-23 09:02:35+03,2026-05-23
2,8,1710,20,59.4484,24.80298,216,,Z,Väike-Õismäe,2026-05-23 09:02:35+03,2026-05-23
2,8,1829,77,59.4672,24.8338,18,,Z,Äigrumäe,2026-05-23 09:02:35+03,2026-05-23
2,8,1186,51,59.43926,24.73677,53,,Z,Äigrumäe,2026-05-23 09:03:05+03,2026-05-23
2,8,1236,36,59.48438,24.88421,330,,Z,Väike-Õismäe,2026-05-23 09:03:05+03,2026-05-23
2,8,1474,4,59.42951,24.70545,235,,Z,Väike-Õismäe,2026-05-23 09:03:05+03,2026-05-23
2,8,1476,63,59.41957,24.64602,74,,Z,Äigrumäe,2026-05-23 09:03:05+03,2026-05-23
2,8,1710,20,59.44707,24.80102,217,,Z,Väike-Õismäe,2026-05-23 09:03:05+03,2026-05-23
2,8,1829,77,59.46974,24.83501,14,,Z,Äigrumäe,2026-05-23 09:03:05+03,2026-05-23
2,8,1186,51,59.43959,24.73793,61,,Z,Äigrumäe,2026-05-23 09:03:35+03,2026-05-23
2,8,1236,36,59.48469,24.88383,330,,Z,Väike-Õismäe,2026-05-23 09:03:35+03,2026-05-23
2,8,1474,4,59.4295,24.70545,235,,Z,Väike-Õismäe,2026-05-23 09:03:35+03,2026-05-23
2,8,1476,63,59.42023,24.64496,254,,Z,Äigrumäe,2026-05-23 09:03:35+03,2026-05-23
2,8,1710,20,59.44515,24.79804,218,,Z,Väike-Õismäe,2026-05-23 09:03:35+03,2026-05-23
2,8,1829,77,59.47121,24.83575,15,,Z,Äigrumäe,2026-05-23 09:03:35+03,2026-05-23
2,8,1186,51,59.43982,24.7385,54,,Z,Äigrumäe,2026-05-23 09:04:05+03,2026-05-23
2,8,1236,36,59.48808,24.88101,358,,Z,Väike-Õismäe,2026-05-23 09:04:05+03,2026-05-23
2,8,1474,4,59.4294,24.69947,278,,Z,Väike-Õismäe,2026-05-23 09:04:05+03,2026-05-23
2,8,1476,63,59.42056,24.64446,314,,Z,Äigrumäe,2026-05-23 09:04:05+03,2026-05-23
2,8,1710,20,59.44407,24.79636,218,,Z,Väike-Õismäe,2026-05-23 09:04:05+03,2026-05-23
2,8,1829,77,59.4741,24.83765,21,,Z,Äigrumäe,2026-05-23 09:04:05+03,2026-05-23
2,8,1186,51,59.44171,24.74338,53,,Z,Äigrumäe,2026-05-23 09:04:36+03,2026-05-23
2,8,1236,36,59.49054,24.88023,346,,Z,Väike-Õismäe,2026-05-23 09:04:36+03,2026-05-23
2,8,1474,4,59.42944,24.69858,275,,Z,Väike-Õismäe,2026-05-23 09:04:36+03,2026-05-23
2,8,1476,63,59.42212,24.64449,22,,Z,Äigrumäe,2026-05-23 09:04:36+03,2026-05-23
2,8,1710,20,59.44308,24.79448,226,,Z,Väike-Õismäe,2026-05-23 09:04:36+03,2026-05-23
2,8,1829,77,59.47453,24.8425,73,,Z,Äigrumäe,2026-05-23 09:04:36+03,2026-05-23
2,8,1186,51,59.44238,24.74733,61,,Z,Äigrumäe,2026-05-23 09:05:06+03,2026-05-23
2,8,1236,36,59.49071,24.88013,344,,Z,Väike-Õismäe,2026-05-23 09:05:06+03,2026-05-23
2,8,1474,4,59.42986,24.69177,276,,Z,Väike-Õismäe,2026-05-23 09:05:06+03,2026-05-23
2,8,1476,63,59.42272,24.64596,52,,Z,Äigrumäe,2026-05-23 09:05:06+03,2026-05-23
2,8,1710,20,59.44271,24.78929,282,,Z,Väike-Õismäe,2026-05-23 09:05:06+03,2026-05-23
2,8,1829,77,59.47703,24.84656,7,,Z,Äigrumäe,2026-05-23 09:05:06+03,2026-05-23
2,8,1186,51,59.4434,24.74946,6,,Z,Äigrumäe,2026-05-23 09:05:36+03,2026-05-23
2,8,1236,36,59.4907,24.87892,269,,Z,Väike-Õismäe,2026-05-23 09:05:36+03,2026-05-23
2,8,1474,4,59.42987,24.69071,271,,Z,Väike-Õismäe,2026-05-23 09:05:36+03,2026-05-23
2,8,1476,63,59.42374,24.64869,34,,Z,Äigrumäe,2026-05-23 09:05:36+03,2026-05-23
2,8,1710,20,59.44287,24.78844,290,,Z,Väike-Õismäe,2026-05-23 09:05:36+03,2026-05-23
2,8,1829,77,59.47935,24.85052,43,,Z,Äigrumäe,2026-05-23 09:05:36+03,2026-05-23
2,8,1186,51,59.44341,24.75046,88,,Z,Äigrumäe,2026-05-23 09:06:06+03,2026-05-23
2,8,1236,36,59.49015,24.8771,240,,Z,Väike-Õismäe,2026-05-23 09:06:06+03,2026-05-23
2,8,1474,4,59.42945,24.6844,259,,Z,Väike-Õismäe,2026-05-23 09:06:06+03,2026-05-23
2,8,1476,63,59.42439,24.65094,63,,Z,Äigrumäe,2026-05-23 09:06:06+03,2026-05-23
2,8,1710,20,59.44353,24.78355,279,,Z,Väike-Õismäe,2026-05-23 09:06:06+03,2026-05-23
2,8,1829,77,59.48053,24.85559,47,,Z,Äigrumäe,2026-05-23 09:06:06+03,2026-05-23
2,8,1186,51,59.44331,24.75082,88,,Z,Äigrumäe,2026-05-23 09:06:36+03,2026-05-23
2,8,1236,36,59.48881,24.87255,240,,Z,Väike-Õismäe,2026-05-23 09:06:36+03,2026-05-23
2,8,1474,4,59.42885,24.67913,257,,Z,Väike-Õismäe,2026-05-23 09:06:36+03,2026-05-23
2,8,1476,63,59.42595,24.65754,62,,Z,Äigrumäe,2026-05-23 09:06:36+03,2026-05-23
2,8,1710,20,59.44364,24.78191,279,,Z,Väike-Õismäe,2026-05-23 09:06:36+03,2026-05-23
2,8,1829,77,59.48343,24.85981,29,,Z,Äigrumäe,2026-05-23 09:06:36+03,2026-05-23
2,8,1186,51,59.44331,24.75082,88,,Z,Äigrumäe,2026-05-23 09:07:06+03,2026-05-23
2,8,1236,36,59.48831,24.87074,244,,Z,Väike-Õismäe,2026-05-23 09:07:06+03,2026-05-23
2,8,1474,4,59.42812,24.67288,259,,Z,Väike-Õismäe,2026-05-23 09:07:06+03,2026-05-23
2,8,1476,63,59.42633,24.65937,64,,Z,Äigrumäe,2026-05-23 09:07:06+03,2026-05-23
2,8,1710,20,59.44355,24.78004,272,,Z,Väike-Õismäe,2026-05-23 09:07:06+03,2026-05-23
2,8,1829,77,59.48627,24.86365,23,,Z,Äigrumäe,2026-05-23 09:07:06+03,2026-05-23
2,8,1186,51,59.44327,24.75089,88,,Z,Äigrumäe,2026-05-23 09:07:36+03,2026-05-23
2,8,1236,36,59.48751,24.86809,240,,Z,Väike-Õismäe,2026-05-23 09:07:36+03,2026-05-23
2,8,1474,4,59.42757,24.66579,258,,Z,Väike-Õismäe,2026-05-23 09:07:36+03,2026-05-23
2,8,1476,63,59.42722,24.66553,75,,Z,Äigrumäe,2026-05-23 09:07:36+03,2026-05-23
2,8,1710,20,59.4426,24.77562,247,,Z,Väike-Õismäe,2026-05-23 09:07:36+03,2026-05-23
2,8,1829,77,59.48769,24.86875,60,,Z,Äigrumäe,2026-05-23 09:07:36+03,2026-05-23
2,8,1186,51,59.44084,24.75384,147,,Z,Äigrumäe,2026-05-23 09:08:06+03,2026-05-23
2,8,1236,36,59.48704,24.86538,261,,Z,Väike-Õismäe,2026-05-23 09:08:06+03,2026-05-23
2,8,1474,4,59.42659,24.659,251,,Z,Väike-Õismäe,2026-05-23 09:08:06+03,2026-05-23
2,8,1476,63,59.42779,24.67222,84,,Z,Äigrumäe,2026-05-23 09:08:06+03,2026-05-23
2,8,1710,20,59.44137,24.76998,248,,Z,Väike-Õismäe,2026-05-23 09:08:06+03,2026-05-23
2,8,1829,77,59.48944,24.87472,59,,Z,Äigrumäe,2026-05-23 09:08:06+03,2026-05-23
2,8,1038,105,59.41253,24.63593,,,Z,,2026-05-23 09:08:37+03,2026-05-23
2,8,1186,51,59.44036,24.75506,130,,Z,Äigrumäe,2026-05-23 09:08:37+03,2026-05-23
2,8,1236,36,59.48641,24.8638,219,,Z,Väike-Õismäe,2026-05-23 09:08:37+03,2026-05-23
2,8,1474,4,59.42629,24.65771,246,,Z,Väike-Õismäe,2026-05-23 09:08:37+03,2026-05-23
2,8,1476,63,59.42792,24.67399,81,,Z,Äigrumäe,2026-05-23 09:08:37+03,2026-05-23
2,8,1710,20,59.44106,24.76875,242,,Z,Väike-Õismäe,2026-05-23 09:08:37+03,2026-05-23
2,8,1829,77,59.49067,24.88009,88,,Z,Äigrumäe,2026-05-23 09:08:37+03,2026-05-23
2,8,1038,105,59.41254,24.63592,,,Z,,2026-05-23 09:09:07+03,2026-05-23
2,8,1186,51,59.43954,24.75859,106,,Z,Äigrumäe,2026-05-23 09:09:07+03,2026-05-23
2,8,1236,36,59.48432,24.86105,228,,Z,Väike-Õismäe,2026-05-23 09:09:07+03,2026-05-23
2,8,1474,4,59.42578,24.65561,245,,Z,Väike-Õismäe,2026-05-23 09:09:07+03,2026-05-23
2,8,1476,63,59.42861,24.67997,75,,Z,Äigrumäe,2026-05-23 09:09:07+03,2026-05-23
2,8,1710,20,59.44026,24.76413,251,,Z,Väike-Õismäe,2026-05-23 09:09:07+03,2026-05-23
2,8,1829,77,59.4878,24.88096,178,,Z,Äigrumäe,2026-05-23 09:09:07+03,2026-05-23
2,8,1038,105,59.41254,24.63592,,,Z,,2026-05-23 09:09:37+03,2026-05-23
2,8,1186,51,59.43946,24.75948,100,,Z,Äigrumäe,2026-05-23 09:09:37+03,2026-05-23
2,8,1236,36,59.48241,24.85872,208,,Z,Väike-Õismäe,2026-05-23 09:09:37+03,2026-05-23
2,8,1474,4,59.42469,24.65066,248,,Z,Väike-Õismäe,2026-05-23 09:09:37+03,2026-05-23
2,8,1476,63,59.42876,24.6814,76,,Z,Äigrumäe,2026-05-23 09:09:37+03,2026-05-23
2,8,1710,20,59.44026,24.76403,251,,Z,Väike-Õismäe,2026-05-23 09:09:37+03,2026-05-23
2,8,1829,77,59.48609,24.88233,151,,Z,Äigrumäe,2026-05-23 09:09:37+03,2026-05-23
2,8,1038,105,59.41253,24.63592,,,Z,,2026-05-23 09:10:07+03,2026-05-23
2,8,1186,51,59.4395,24.76096,100,,Z,Äigrumäe,2026-05-23 09:10:07+03,2026-05-23
2,8,1236,36,59.48058,24.85569,234,,Z,Väike-Õismäe,2026-05-23 09:10:07+03,2026-05-23
2,8,1474,4,59.42423,24.64921,238,,Z,Väike-Õismäe,2026-05-23 09:10:07+03,2026-05-23
2,8,1476,63,59.42938,24.68738,78,,Z,Äigrumäe,2026-05-23 09:10:07+03,2026-05-23
2,8,1710,20,59.43988,24.76149,255,,Z,Väike-Õismäe,2026-05-23 09:10:07+03,2026-05-23
2,8,1829,77,59.48468,24.88386,151,,Z,Äigrumäe,2026-05-23 09:10:07+03,2026-05-23
2,8,1038,105,59.41252,24.63593,,,Z,,2026-05-23 09:10:38+03,2026-05-23
2,8,1186,51,59.44044,24.7663,68,,Z,Äigrumäe,2026-05-23 09:10:38+03,2026-05-23
2,8,1236,36,59.48002,24.85434,227,,Z,Väike-Õismäe,2026-05-23 09:10:38+03,2026-05-23
2,8,1474,4,59.42323,24.64573,258,,Z,Väike-Õismäe,2026-05-23 09:10:38+03,2026-05-23
2,8,1476,63,59.42955,24.69273,87,,Z,Äigrumäe,2026-05-23 09:10:38+03,2026-05-23
2,8,1710,20,59.43991,24.76033,271,,Z,Väike-Õismäe,2026-05-23 09:10:38+03,2026-05-23
2,8,1829,77,59.48217,24.88802,135,,Z,Äigrumäe,2026-05-23 09:10:38+03,2026-05-23
2,8,1038,105,59.41253,24.63591,,,Z,,2026-05-23 09:11:08+03,2026-05-23
2,8,1186,51,59.44073,24.76789,71,,Z,Äigrumäe,2026-05-23 09:11:08+03,2026-05-23
2,8,1236,36,59.4796,24.85119,252,,Z,Väike-Õismäe,2026-05-23 09:11:08+03,2026-05-23
2,8,1474,4,59.42153,24.64899,145,,Z,Väike-Õismäe,2026-05-23 09:11:08+03,2026-05-23
2,8,1476,63,59.42955,24.69421,90,,Z,Äigrumäe,2026-05-23 09:11:08+03,2026-05-23
2,8,1710,20,59.44019,24.75892,289,,Z,Väike-Õismäe,2026-05-23 09:11:08+03,2026-05-23
2,8,1829,77,59.4812,24.89092,139,,Z,Äigrumäe,2026-05-23 09:11:08+03,2026-05-23
2,8,1038,105,59.41252,24.63591,,,Z,,2026-05-23 09:11:38+03,2026-05-23
2,8,1186,51,59.44118,24.77013,68,,Z,Äigrumäe,2026-05-23 09:11:38+03,2026-05-23
2,8,1236,36,59.47859,24.84896,223,,Z,Väike-Õismäe,2026-05-23 09:11:38+03,2026-05-23
2,8,1474,4,59.42107,24.64949,151,,Z,Väike-Õismäe,2026-05-23 09:11:38+03,2026-05-23
2,8,1476,63,59.42932,24.69806,98,,Z,Äigrumäe,2026-05-23 09:11:38+03,2026-05-23
2,8,1710,20,59.44076,24.75579,290,,Z,Väike-Õismäe,2026-05-23 09:11:38+03,2026-05-23
2,8,1829,77,59.48129,24.89088,139,,Z,Äigrumäe,2026-05-23 09:11:38+03,2026-05-23
2,8,1038,105,59.41251,24.6359,,,Z,,2026-05-23 09:12:08+03,2026-05-23
2,8,1186,51,59.44149,24.77149,66,,Z,Äigrumäe,2026-05-23 09:12:08+03,2026-05-23
2,8,1236,36,59.47767,24.8471,227,,Z,Väike-Õismäe,2026-05-23 09:12:08+03,2026-05-23
2,8,1474,4,59.42042,24.64691,238,,Z,Väike-Õismäe,2026-05-23 09:12:08+03,2026-05-23
2,8,1476,63,59.42933,24.69825,98,,Z,Äigrumäe,2026-05-23 09:12:08+03,2026-05-23
2,8,1710,20,59.44272,24.75298,356,,Z,Väike-Õismäe,2026-05-23 09:12:08+03,2026-05-23
2,8,1829,77,59.48129,24.89087,139,,Z,Äigrumäe,2026-05-23 09:12:08+03,2026-05-23
2,8,1038,105,59.41251,24.63591,,,Z,,2026-05-23 09:12:38+03,2026-05-23
2,8,1186,51,59.44184,24.77287,63,,Z,Äigrumäe,2026-05-23 09:12:38+03,2026-05-23
2,8,1236,36,59.47538,24.84585,202,,Z,Väike-Õismäe,2026-05-23 09:12:38+03,2026-05-23
2,8,1474,4,59.41993,24.64472,249,,Z,Väike-Õismäe,2026-05-23 09:12:38+03,2026-05-23
2,8,1476,63,59.42933,24.69863,98,,Z,Äigrumäe,2026-05-23 09:12:38+03,2026-05-23
2,8,1710,20,59.44379,24.75125,281,,Z,Väike-Õismäe,2026-05-23 09:12:38+03,2026-05-23
2,8,1829,77,59.48128,24.89087,139,,Z,Äigrumäe,2026-05-23 09:12:38+03,2026-05-23
2,8,1038,105,59.4125,24.63591,,,Z,,2026-05-23 09:13:08+03,2026-05-23
2,8,1186,51,59.44325,24.77956,69,,Z,Äigrumäe,2026-05-23 09:13:08+03,2026-05-23
2,8,1236,36,59.47433,24.84152,250,,Z,Väike-Õismäe,2026-05-23 09:13:08+03,2026-05-23
2,8,1474,4,59.41923,24.64266,235,,Z,Väike-Õismäe,2026-05-23 09:13:08+03,2026-05-23
2,8,1476,63,59.4292,24.70085,97,,Z,Äigrumäe,2026-05-23 09:13:08+03,2026-05-23
2,8,1710,20,59.44394,24.75001,281,,Z,Väike-Õismäe,2026-05-23 09:13:08+03,2026-05-23
2,8,1829,77,59.48128,24.89087,139,,Z,Äigrumäe,2026-05-23 09:13:08+03,2026-05-23
2,8,1038,105,59.41251,24.63592,,,Z,,2026-05-23 09:13:38+03,2026-05-23
2,8,1186,51,59.44318,24.78607,97,,Z,Äigrumäe,2026-05-23 09:13:38+03,2026-05-23
2,8,1236,36,59.47422,24.8381,286,,Z,Väike-Õismäe,2026-05-23 09:13:38+03,2026-05-23
2,8,1474,4,59.41894,24.64221,235,,Z,Väike-Õismäe,2026-05-23 09:13:38+03,2026-05-23
2,8,1476,63,59.4292,24.7014,92,,Z,Äigrumäe,2026-05-23 09:13:38+03,2026-05-23
2,8,1710,20,59.44416,24.74805,283,,Z,Väike-Õismäe,2026-05-23 09:13:38+03,2026-05-23
2,8,1829,77,59.48129,24.89086,139,,Z,Äigrumäe,2026-05-23 09:13:38+03,2026-05-23
2,8,1038,105,59.41251,24.63595,,,Z,,2026-05-23 09:14:09+03,2026-05-23
2,8,1186,51,59.44252,24.78908,117,,Z,Äigrumäe,2026-05-23 09:14:09+03,2026-05-23
2,8,1236,36,59.47422,24.8381,286,,Z,Väike-Õismäe,2026-05-23 09:14:09+03,2026-05-23
2,8,1474,4,59.41654,24.63976,201,,Z,Väike-Õismäe,2026-05-23 09:14:09+03,2026-05-23
2,8,1476,63,59.42919,24.70162,92,,Z,Äigrumäe,2026-05-23 09:14:09+03,2026-05-23
2,8,1710,20,59.44436,24.74393,281,,Z,Väike-Õismäe,2026-05-23 09:14:09+03,2026-05-23
2,8,1829,77,59.48128,24.89085,139,,Z,Äigrumäe,2026-05-23 09:14:09+03,2026-05-23
2,8,1038,105,59.41251,24.63591,,,Z,,2026-05-23 09:14:39+03,2026-05-23
2,8,1186,51,59.44252,24.78908,117,,Z,Äigrumäe,2026-05-23 09:14:39+03,2026-05-23
2,8,1236,36,59.47425,24.83784,286,,Z,Väike-Õismäe,2026-05-23 09:14:39+03,2026-05-23
2,8,1474,4,59.4147,24.63961,175,,Z,Väike-Õismäe,2026-05-23 09:14:39+03,2026-05-23
2,8,1476,63,59.42919,24.70176,92,,Z,Äigrumäe,2026-05-23 09:14:39+03,2026-05-23
2,8,1710,20,59.44275,24.74253,205,,Z,Väike-Õismäe,2026-05-23 09:14:39+03,2026-05-23
2,8,1829,77,59.48128,24.89086,139,,Z,Äigrumäe,2026-05-23 09:14:39+03,2026-05-23
2,8,1038,105,59.41251,24.6359,,,Z,,2026-05-23 09:15:09+03,2026-05-23
2,8,1186,51,59.44237,24.79098,102,,Z,Äigrumäe,2026-05-23 09:15:09+03,2026-05-23
2,8,1236,36,59.47379,24.83713,229,,Z,Väike-Õismäe,2026-05-23 09:15:09+03,2026-05-23
2,8,1474,4,59.41293,24.64042,160,,Z,Väike-Õismäe,2026-05-23 09:15:09+03,2026-05-23
2,8,1476,63,59.42922,24.70261,87,,Z,Äigrumäe,2026-05-23 09:15:09+03,2026-05-23
2,8,1710,20,59.44194,24.7437,146,,Z,Väike-Õismäe,2026-05-23 09:15:09+03,2026-05-23
2,8,1829,77,59.48128,24.89085,139,,Z,Äigrumäe,2026-05-23 09:15:09+03,2026-05-23
2,8,1038,105,59.41251,24.6359,,,Z,,2026-05-23 09:15:39+03,2026-05-23
2,8,1186,51,59.44289,24.79463,72,,Z,Äigrumäe,2026-05-23 09:15:39+03,2026-05-23
2,8,1236,36,59.47176,24.83589,198,,Z,Väike-Õismäe,2026-05-23 09:15:39+03,2026-05-23
2,8,1474,4,59.41279,24.6379,286,,Z,Väike-Õismäe,2026-05-23 09:15:39+03,2026-05-23
2,8,1476,63,59.42921,24.70353,91,,Z,Äigrumäe,2026-05-23 09:15:39+03,2026-05-23
2,8,1710,20,59.44081,24.74083,234,,Z,Väike-Õismäe,2026-05-23 09:15:39+03,2026-05-23
2,8,1829,77,59.48128,24.89085,139,,Z,Äigrumäe,2026-05-23 09:15:39+03,2026-05-23
2,8,1038,105,59.41251,24.63592,,,Z,,2026-05-23 09:16:09+03,2026-05-23
2,8,1186,51,59.44298,24.79498,72,,Z,Äigrumäe,2026-05-23 09:16:09+03,2026-05-23
2,8,1236,36,59.4703,24.83497,194,,Z,Väike-Õismäe,2026-05-23 09:16:09+03,2026-05-23
2,8,1474,4,59.41316,24.63449,292,,Z,Väike-Õismäe,2026-05-23 09:16:09+03,2026-05-23
2,8,1476,63,59.42918,24.70373,91,,Z,Äigrumäe,2026-05-23 09:16:09+03,2026-05-23
2,8,1710,20,59.44046,24.73978,237,,Z,Väike-Õismäe,2026-05-23 09:16:09+03,2026-05-23
2,8,1829,77,59.48128,24.89085,139,,Z,Äigrumäe,2026-05-23 09:16:09+03,2026-05-23
2,8,1038,105,59.4125,24.63593,,,Z,,2026-05-23 09:16:39+03,2026-05-23
2,8,1186,51,59.4437,24.79639,44,,Z,Äigrumäe,2026-05-23 09:16:39+03,2026-05-23
2,8,1236,36,59.46861,24.83424,194,,Z,Väike-Õismäe,2026-05-23 09:16:39+03,2026-05-23
2,8,1474,4,59.41203,24.63432,181,,Z,Väike-Õismäe,2026-05-23 09:16:39+03,2026-05-23
2,8,1476,63,59.42916,24.70397,91,,Z,Äigrumäe,2026-05-23 09:16:39+03,2026-05-23
2,8,1710,20,59.43975,24.73771,236,,Z,Väike-Õismäe,2026-05-23 09:16:39+03,2026-05-23
2,8,1829,77,59.48128,24.89085,139,,Z,Äigrumäe,2026-05-23 09:16:39+03,2026-05-23
2,8,1038,105,59.41249,24.63593,,,Z,,2026-05-23 09:17:09+03,2026-05-23
2,8,1186,51,59.44599,24.79997,38,,Z,Äigrumäe,2026-05-23 09:17:09+03,2026-05-23
2,8,1236,36,59.46709,24.83263,196,,Z,Väike-Õismäe,2026-05-23 09:17:09+03,2026-05-23
2,8,1474,4,59.41174,24.63527,120,,Z,Väike-Õismäe,2026-05-23 09:17:09+03,2026-05-23
2,8,1476,63,59.42918,24.70426,91,,Z,Äigrumäe,2026-05-23 09:17:09+03,2026-05-23
2,8,1710,20,59.4395,24.73705,236,,Z,Väike-Õismäe,2026-05-23 09:17:09+03,2026-05-23
2,8,1829,77,59.48128,24.89085,139,,Z,Äigrumäe,2026-05-23 09:17:09+03,2026-05-23
2,8,1038,105,59.4125,24.63594,,,Z,,2026-05-23 09:17:39+03,2026-05-23
2,8,1186,51,59.44644,24.80067,38,,Z,Äigrumäe,2026-05-23 09:17:39+03,2026-05-23
2,8,1236,36,59.46672,24.8328,236,,Z,Väike-Õismäe,2026-05-23 09:17:39+03,2026-05-23
2,8,1474,4,59.41174,24.63527,120,,Z,Väike-Õismäe,2026-05-23 09:17:39+03,2026-05-23
2,8,1476,63,59.42919,24.70462,91,,Z,Äigrumäe,2026-05-23 09:17:39+03,2026-05-23
2,8,1710,20,59.43728,24.73354,204,,Z,Väike-Õismäe,2026-05-23 09:17:39+03,2026-05-23
2,8,1829,77,59.48128,24.89085,139,,Z,Äigrumäe,2026-05-23 09:17:39+03,2026-05-23
2,8,1038,105,59.4125,24.63594,,,Z,,2026-05-23 09:18:10+03,2026-05-23
2,8,1186,51,59.44837,24.80361,37,,Z,Äigrumäe,2026-05-23 09:18:10+03,2026-05-23
2,8,1236,36,59.46637,24.83277,236,,Z,Väike-Õismäe,2026-05-23 09:18:10+03,2026-05-23
2,8,1476,63,59.4297,24.70724,58,,Z,Äigrumäe,2026-05-23 09:18:10+03,2026-05-23
2,8,1710,20,59.43674,24.73306,203,,Z,Väike-Õismäe,2026-05-23 09:18:10+03,2026-05-23
2,8,1829,77,59.48128,24.89085,139,,Z,Äigrumäe,2026-05-23 09:18:10+03,2026-05-23
2,8,1038,105,59.41251,24.63592,,,Z,,2026-05-23 09:18:40+03,2026-05-23
2,8,1186,51,59.4486,24.80392,37,,Z,Äigrumäe,2026-05-23 09:18:40+03,2026-05-23
2,8,1236,36,59.46381,24.82771,225,,Z,Väike-Õismäe,2026-05-23 09:18:40+03,2026-05-23
2,8,1476,63,59.43132,24.71256,61,,Z,Äigrumäe,2026-05-23 09:18:40+03,2026-05-23
2,8,1710,20,59.43656,24.72972,270,,Z,Väike-Õismäe,2026-05-23 09:18:40+03,2026-05-23
2,8,1829,77,59.48128,24.89085,139,,Z,Äigrumäe,2026-05-23 09:18:40+03,2026-05-23
2,8,1038,105,59.41249,24.6359,,,Z,,2026-05-23 09:19:10+03,2026-05-23
2,8,1186,51,59.45044,24.80645,32,,Z,Äigrumäe,2026-05-23 09:19:10+03,2026-05-23
2,8,1236,36,59.46345,24.8269,225,,Z,Väike-Õismäe,2026-05-23 09:19:10+03,2026-05-23
2,8,1476,63,59.43138,24.71267,61,,Z,Äigrumäe,2026-05-23 09:19:10+03,2026-05-23
2,8,1710,20,59.43625,24.72812,256,,Z,Väike-Õismäe,2026-05-23 09:19:10+03,2026-05-23
2,8,1829,77,59.48128,24.89085,139,,Z,Äigrumäe,2026-05-23 09:19:10+03,2026-05-23
2,8,1038,105,59.41249,24.63591,,,Z,,2026-05-23 09:19:41+03,2026-05-23
2,8,1186,51,59.45303,24.80833,16,,Z,Äigrumäe,2026-05-23 09:19:41+03,2026-05-23
2,8,1236,36,59.46155,24.82157,244,,Z,Väike-Õismäe,2026-05-23 09:19:41+03,2026-05-23
2,8,1476,63,59.43253,24.7161,55,,Z,Äigrumäe,2026-05-23 09:19:41+03,2026-05-23
2,8,1710,20,59.43484,24.72453,219,,Z,Väike-Õismäe,2026-05-23 09:19:41+03,2026-05-23
2,8,1829,77,59.48128,24.89085,139,,Z,Äigrumäe,2026-05-23 09:19:41+03,2026-05-23
2,8,1038,105,59.41252,24.63591,,,Z,,2026-05-23 09:20:11+03,2026-05-23
2,8,1186,51,59.45496,24.80959,17,,Z,Äigrumäe,2026-05-23 09:20:11+03,2026-05-23
2,8,1236,36,59.46065,24.81773,244,,Z,Väike-Õismäe,2026-05-23 09:20:11+03,2026-05-23
2,8,1476,63,59.43348,24.71978,68,,Z,Äigrumäe,2026-05-23 09:20:11+03,2026-05-23
2,8,1710,20,59.43403,24.72242,247,,Z,Väike-Õismäe,2026-05-23 09:20:11+03,2026-05-23
2,8,1829,78,59.48128,24.89085,139,,Z,Väike-Õismäe,2026-05-23 09:20:11+03,2026-05-23
2,8,1038,105,59.41251,24.6359,,,Z,,2026-05-23 09:20:41+03,2026-05-23
2,8,1186,51,59.4575,24.81191,25,,Z,Äigrumäe,2026-05-23 09:20:41+03,2026-05-23
2,8,1236,36,59.46037,24.81681,238,,Z,Väike-Õismäe,2026-05-23 09:20:41+03,2026-05-23
2,8,1476,63,59.43377,24.72126,68,,Z,Äigrumäe,2026-05-23 09:20:41+03,2026-05-23
2,8,1710,20,59.4338,24.72116,250,,Z,Väike-Õismäe,2026-05-23 09:20:41+03,2026-05-23
2,8,1829,78,59.48128,24.89085,139,,Z,Väike-Õismäe,2026-05-23 09:20:41+03,2026-05-23
2,8,1038,105,59.41251,24.63589,,,Z,,2026-05-23 09:21:11+03,2026-05-23
2,8,1186,51,59.45908,24.81464,48,,Z,Äigrumäe,2026-05-23 09:21:11+03,2026-05-23
2,8,1236,36,59.45761,24.81152,218,,Z,Väike-Õismäe,2026-05-23 09:21:11+03,2026-05-23
2,8,1476,63,59.4342,24.72356,69,,Z,Äigrumäe,2026-05-23 09:21:11+03,2026-05-23
2,8,1710,20,59.43294,24.71686,249,,Z,Väike-Õismäe,2026-05-23 09:21:11+03,2026-05-23
2,8,1829,78,59.48128,24.89085,139,,Z,Väike-Õismäe,2026-05-23 09:21:11+03,2026-05-23
2,8,1038,105,59.4125,24.63592,,,Z,,2026-05-23 09:21:42+03,2026-05-23
2,8,1186,51,59.46077,24.81996,62,,Z,Äigrumäe,2026-05-23 09:21:42+03,2026-05-23
2,8,1236,36,59.45423,24.80852,203,,Z,Väike-Õismäe,2026-05-23 09:21:42+03,2026-05-23
2,8,1476,63,59.43457,24.72537,69,,Z,Äigrumäe,2026-05-23 09:21:42+03,2026-05-23
2,8,1710,20,59.4328,24.7163,242,,Z,Väike-Õismäe,2026-05-23 09:21:42+03,2026-05-23
2,8,1829,78,59.48102,24.89007,236,,Z,Väike-Õismäe,2026-05-23 09:21:42+03,2026-05-23
2,8,1038,105,59.41251,24.63591,,,Z,,2026-05-23 09:22:12+03,2026-05-23
2,8,1186,51,59.46132,24.82197,63,,Z,Äigrumäe,2026-05-23 09:22:12+03,2026-05-23
2,8,1236,36,59.45127,24.80667,200,,Z,Väike-Õismäe,2026-05-23 09:22:12+03,2026-05-23
2,8,1476,63,59.43477,24.72703,77,,Z,Äigrumäe,2026-05-23 09:22:12+03,2026-05-23
2,8,1710,20,59.43215,24.71371,241,,Z,Väike-Õismäe,2026-05-23 09:22:12+03,2026-05-23
2,8,1829,78,59.48329,24.88597,316,,Z,Väike-Õismäe,2026-05-23 09:22:12+03,2026-05-23
2,8,1038,105,59.41252,24.63593,,,Z,,2026-05-23 09:22:42+03,2026-05-23
2,8,1186,51,59.46248,24.82571,49,,Z,Äigrumäe,2026-05-23 09:22:42+03,2026-05-23
2,8,1236,36,59.44863,24.80337,216,,Z,Väike-Õismäe,2026-05-23 09:22:42+03,2026-05-23
2,8,1476,63,59.43497,24.73176,91,,Z,Äigrumäe,2026-05-23 09:22:42+03,2026-05-23
2,8,1710,20,59.43187,24.713,236,,Z,Väike-Õismäe,2026-05-23 09:22:42+03,2026-05-23
2,8,1829,78,59.48439,24.88426,328,,Z,Väike-Õismäe,2026-05-23 09:22:42+03,2026-05-23
2,8,1038,105,59.41251,24.63594,,,Z,,2026-05-23 09:23:12+03,2026-05-23
2,8,1186,51,59.46328,24.82741,44,,Z,Äigrumäe,2026-05-23 09:23:12+03,2026-05-23
2,8,1236,36,59.44672,24.80055,217,,Z,Väike-Õismäe,2026-05-23 09:23:12+03,2026-05-23
2,8,1476,63,59.43557,24.73281,2,,Z,Äigrumäe,2026-05-23 09:23:12+03,2026-05-23
2,8,1710,20,59.43084,24.70971,238,,Z,Väike-Õismäe,2026-05-23 09:23:12+03,2026-05-23
2,8,1829,78,59.48646,24.88203,332,,Z,Väike-Õismäe,2026-05-23 09:23:12+03,2026-05-23
2,8,1038,105,59.41251,24.63594,,,Z,,2026-05-23 09:23:42+03,2026-05-23
2,8,1186,51,59.46432,24.82938,45,,Z,Äigrumäe,2026-05-23 09:23:42+03,2026-05-23
2,8,1236,36,59.44505,24.79795,217,,Z,Väike-Õismäe,2026-05-23 09:23:42+03,2026-05-23
2,8,1476,63,59.43681,24.73332,23,,Z,Äigrumäe,2026-05-23 09:23:42+03,2026-05-23
2,8,1710,20,59.43005,24.70701,238,,Z,Väike-Õismäe,2026-05-23 09:23:42+03,2026-05-23
2,8,1829,78,59.48955,24.88071,352,,Z,Väike-Õismäe,2026-05-23 09:23:42+03,2026-05-23
2,8,1038,105,59.4125,24.63592,,,Z,,2026-05-23 09:24:12+03,2026-05-23
2,8,1186,51,59.466,24.83248,45,,Z,Äigrumäe,2026-05-23 09:24:12+03,2026-05-23
2,8,1236,36,59.44468,24.7974,217,,Z,Väike-Õismäe,2026-05-23 09:24:12+03,2026-05-23
2,8,1476,63,59.43869,24.73538,39,,Z,Äigrumäe,2026-05-23 09:24:12+03,2026-05-23
2,8,1710,20,59.42976,24.70622,238,,Z,Väike-Õismäe,2026-05-23 09:24:12+03,2026-05-23
2,8,1829,78,59.49073,24.87897,262,,Z,Väike-Õismäe,2026-05-23 09:24:12+03,2026-05-23
2,8,1038,105,59.41251,24.63592,,,Z,,2026-05-23 09:24:42+03,2026-05-23
2,8,1186,51,59.46725,24.83383,18,,Z,Äigrumäe,2026-05-23 09:24:42+03,2026-05-23
2,8,1236,36,59.44272,24.79236,255,,Z,Väike-Õismäe,2026-05-23 09:24:42+03,2026-05-23
2,8,1476,63,59.4396,24.73795,61,,Z,Äigrumäe,2026-05-23 09:24:42+03,2026-05-23
2,8,1710,20,59.42948,24.70529,233,,Z,Väike-Õismäe,2026-05-23 09:24:42+03,2026-05-23
2,8,1829,78,59.49073,24.87897,262,,Z,Väike-Õismäe,2026-05-23 09:24:42+03,2026-05-23
2,8,1038,105,59.41251,24.63592,,,Z,,2026-05-23 09:25:13+03,2026-05-23
2,8,1186,51,59.46909,24.83472,14,,Z,Äigrumäe,2026-05-23 09:25:13+03,2026-05-23
2,8,1236,36,59.44283,24.78862,291,,Z,Väike-Õismäe,2026-05-23 09:25:13+03,2026-05-23
2,8,1476,63,59.44046,24.74008,50,,Z,Äigrumäe,2026-05-23 09:25:13+03,2026-05-23
2,8,1710,20,59.42942,24.70504,233,,Z,Väike-Õismäe,2026-05-23 09:25:13+03,2026-05-23
2,8,1829,78,59.49065,24.87876,262,,Z,Väike-Õismäe,2026-05-23 09:25:13+03,2026-05-23
2,8,1038,105,59.41251,24.63591,,,Z,,2026-05-23 09:25:43+03,2026-05-23
2,8,1186,51,59.47115,24.83575,14,,Z,Äigrumäe,2026-05-23 09:25:43+03,2026-05-23
2,8,1236,36,59.44284,24.78849,291,,Z,Väike-Õismäe,2026-05-23 09:25:43+03,2026-05-23
2,8,1476,63,59.44202,24.74503,83,,Z,Äigrumäe,2026-05-23 09:25:43+03,2026-05-23
2,8,1710,20,59.42934,24.70051,275,,Z,Väike-Õismäe,2026-05-23 09:25:43+03,2026-05-23
2,8,1829,78,59.48918,24.87373,240,,Z,Väike-Õismäe,2026-05-23 09:25:43+03,2026-05-23
2,8,1038,105,59.41252,24.63592,,,Z,,2026-05-23 09:26:13+03,2026-05-23
2,8,1186,51,59.47309,24.83686,18,,Z,Äigrumäe,2026-05-23 09:26:13+03,2026-05-23
2,8,1236,36,59.44328,24.78609,290,,Z,Väike-Õismäe,2026-05-23 09:26:13+03,2026-05-23
2,8,1476,63,59.44295,24.74933,63,,Z,Äigrumäe,2026-05-23 09:26:13+03,2026-05-23
2,8,1710,20,59.42945,24.69885,278,,Z,Väike-Õismäe,2026-05-23 09:26:13+03,2026-05-23
2,8,1829,78,59.48835,24.87076,240,,Z,Väike-Õismäe,2026-05-23 09:26:13+03,2026-05-23
2,8,1038,105,59.41251,24.63594,,,Z,,2026-05-23 09:26:43+03,2026-05-23
2,8,1186,51,59.4741,24.83933,79,,Z,Äigrumäe,2026-05-23 09:26:43+03,2026-05-23
2,8,1236,36,59.44359,24.78264,280,,Z,Väike-Õismäe,2026-05-23 09:26:43+03,2026-05-23
2,8,1476,63,59.44347,24.75035,21,,Z,Äigrumäe,2026-05-23 09:26:43+03,2026-05-23
2,8,1710,20,59.42971,24.69441,277,,Z,Väike-Õismäe,2026-05-23 09:26:43+03,2026-05-23
2,8,1829,78,59.48745,24.86778,239,,Z,Väike-Õismäe,2026-05-23 09:26:43+03,2026-05-23
2,8,1038,105,59.41252,24.63591,,,Z,,2026-05-23 09:27:13+03,2026-05-23
2,8,1186,51,59.47508,24.84483,64,,Z,Äigrumäe,2026-05-23 09:27:13+03,2026-05-23
2,8,1236,36,59.44345,24.77973,269,,Z,Väike-Õismäe,2026-05-23 09:27:13+03,2026-05-23
2,8,1476,63,59.44291,24.75167,130,,Z,Äigrumäe,2026-05-23 09:27:13+03,2026-05-23
2,8,1710,20,59.42988,24.69121,276,,Z,Väike-Õismäe,2026-05-23 09:27:13+03,2026-05-23
2,8,1829,78,59.48706,24.86536,260,,Z,Väike-Õismäe,2026-05-23 09:27:13+03,2026-05-23
2,8,1038,105,59.41252,24.63591,,,Z,,2026-05-23 09:27:43+03,2026-05-23
2,8,1186,51,59.47783,24.8475,21,,Z,Äigrumäe,2026-05-23 09:27:43+03,2026-05-23
2,8,1236,36,59.44213,24.7737,246,,Z,Väike-Õismäe,2026-05-23 09:27:43+03,2026-05-23
2,8,1476,63,59.44041,24.75498,137,,Z,Äigrumäe,2026-05-23 09:27:43+03,2026-05-23
2,8,1710,20,59.42973,24.68718,263,,Z,Väike-Õismäe,2026-05-23 09:27:43+03,2026-05-23
2,8,1829,78,59.48478,24.86197,218,,Z,Väike-Õismäe,2026-05-23 09:27:43+03,2026-05-23
2,8,1038,105,59.41252,24.63589,,,Z,Äigrumäe,2026-05-23 09:28:13+03,2026-05-23
2,8,1186,51,59.47919,24.85033,46,,Z,Äigrumäe,2026-05-23 09:28:13+03,2026-05-23
2,8,1236,36,59.44158,24.77118,247,,Z,Väike-Õismäe,2026-05-23 09:28:13+03,2026-05-23
2,8,1476,63,59.44015,24.75579,119,,Z,Äigrumäe,2026-05-23 09:28:13+03,2026-05-23
2,8,1710,20,59.42897,24.67983,258,,Z,Väike-Õismäe,2026-05-23 09:28:13+03,2026-05-23
2,8,1829,78,59.48331,24.85962,215,,Z,Väike-Õismäe,2026-05-23 09:28:13+03,2026-05-23
2,8,1038,105,59.41251,24.63588,,,Z,Äigrumäe,2026-05-23 09:28:44+03,2026-05-23
2,8,1186,51,59.47987,24.85383,79,,Z,Äigrumäe,2026-05-23 09:28:44+03,2026-05-23
2,8,1236,36,59.44158,24.77118,247,,Z,Väike-Õismäe,2026-05-23 09:28:44+03,2026-05-23
2,8,1476,63,59.43946,24.76025,93,,Z,Äigrumäe,2026-05-23 09:28:44+03,2026-05-23
2,8,1710,20,59.42877,24.67862,253,,Z,Väike-Õismäe,2026-05-23 09:28:44+03,2026-05-23
2,8,1829,78,59.48127,24.85751,208,,Z,Väike-Õismäe,2026-05-23 09:28:44+03,2026-05-23
2,8,1038,105,59.41253,24.63586,,,Z,Äigrumäe,2026-05-23 09:29:14+03,2026-05-23
2,8,1186,51,59.48032,24.85518,59,,Z,Äigrumäe,2026-05-23 09:29:14+03,2026-05-23
2,8,1236,36,59.44124,24.76956,249,,Z,Väike-Õismäe,2026-05-23 09:29:14+03,2026-05-23
2,8,1476,63,59.43958,24.76134,78,,Z,Äigrumäe,2026-05-23 09:29:14+03,2026-05-23
2,8,1710,20,59.42821,24.67318,262,,Z,Väike-Õismäe,2026-05-23 09:29:14+03,2026-05-23
2,8,1829,78,59.48008,24.85441,231,,Z,Väike-Õismäe,2026-05-23 09:29:14+03,2026-05-23
2,8,1038,105,59.41252,24.63588,,,Z,Äigrumäe,2026-05-23 09:29:44+03,2026-05-23
2,8,1186,51,59.48199,24.85835,33,,Z,Äigrumäe,2026-05-23 09:29:44+03,2026-05-23
2,8,1236,36,59.44108,24.76902,249,,Z,Väike-Õismäe,2026-05-23 09:29:44+03,2026-05-23
2,8,1476,63,59.43987,24.76327,71,,Z,Äigrumäe,2026-05-23 09:29:44+03,2026-05-23
2,8,1710,20,59.42799,24.67089,260,,Z,Väike-Õismäe,2026-05-23 09:29:44+03,2026-05-23
2,8,1829,78,59.47958,24.85095,250,,Z,Väike-Õismäe,2026-05-23 09:29:44+03,2026-05-23
2,8,1038,105,59.41253,24.63588,,,Z,Äigrumäe,2026-05-23 09:30:14+03,2026-05-23
2,8,1186,51,59.48446,24.86142,42,,Z,Äigrumäe,2026-05-23 09:30:14+03,2026-05-23
2,8,1236,36,59.44022,24.76407,253,,Z,Väike-Õismäe,2026-05-23 09:30:14+03,2026-05-23
2,8,1476,63,59.44113,24.76972,68,,Z,Äigrumäe,2026-05-23 09:30:14+03,2026-05-23
2,8,1710,20,59.42732,24.66339,256,,Z,Väike-Õismäe,2026-05-23 09:30:14+03,2026-05-23
2,8,1829,78,59.47864,24.849,225,,Z,Väike-Õismäe,2026-05-23 09:30:14+03,2026-05-23
2,8,1038,105,59.41253,24.63589,,,Z,Äigrumäe,2026-05-23 09:30:44+03,2026-05-23
2,8,1186,51,59.48686,24.86454,36,,Z,Äigrumäe,2026-05-23 09:30:44+03,2026-05-23
2,8,1236,36,59.44022,24.76405,253,,Z,Väike-Õismäe,2026-05-23 09:30:44+03,2026-05-23
2,8,1476,63,59.44165,24.77217,67,,Z,Äigrumäe,2026-05-23 09:30:44+03,2026-05-23
2,8,1710,20,59.42643,24.65812,247,,Z,Väike-Õismäe,2026-05-23 09:30:44+03,2026-05-23
2,8,1829,78,59.47644,24.84631,192,,Z,Väike-Õismäe,2026-05-23 09:30:44+03,2026-05-23
2,8,1038,105,59.41254,24.63588,,,Z,Äigrumäe,2026-05-23 09:31:14+03,2026-05-23
2,8,1186,51,59.48708,24.86659,80,,Z,Äigrumäe,2026-05-23 09:31:14+03,2026-05-23
2,8,1236,36,59.43985,24.76064,264,,Z,Väike-Õismäe,2026-05-23 09:31:14+03,2026-05-23
2,8,1476,63,59.44222,24.77464,68,,Z,Äigrumäe,2026-05-23 09:31:14+03,2026-05-23
2,8,1710,20,59.42614,24.65704,241,,Z,Väike-Õismäe,2026-05-23 09:31:14+03,2026-05-23
2,8,1829,78,59.47439,24.84167,247,,Z,Väike-Õismäe,2026-05-23 09:31:14+03,2026-05-23
2,8,1038,105,59.41251,24.63592,,,Z,Äigrumäe,2026-05-23 09:31:44+03,2026-05-23
2,8,1186,51,59.48836,24.87106,60,,Z,Äigrumäe,2026-05-23 09:31:44+03,2026-05-23
2,8,1236,36,59.44018,24.75887,292,,Z,Väike-Õismäe,2026-05-23 09:31:44+03,2026-05-23
2,8,1476,63,59.44243,24.7756,66,,Z,Äigrumäe,2026-05-23 09:31:44+03,2026-05-23
2,8,1710,20,59.4261,24.6569,241,,Z,Väike-Õismäe,2026-05-23 09:31:44+03,2026-05-23
2,8,1829,78,59.47424,24.83816,274,,Z,Väike-Õismäe,2026-05-23 09:31:44+03,2026-05-23
2,8,1038,105,59.41252,24.63592,,,Z,Äigrumäe,2026-05-23 09:32:14+03,2026-05-23
2,8,1186,51,59.48851,24.8717,60,,Z,Äigrumäe,2026-05-23 09:32:14+03,2026-05-23
2,8,1236,36,59.44062,24.75635,290,,Z,Väike-Õismäe,2026-05-23 09:32:14+03,2026-05-23
2,8,1476,63,59.44342,24.78239,91,,Z,Äigrumäe,2026-05-23 09:32:14+03,2026-05-23
2,8,1710,20,59.42494,24.65181,245,,Z,Väike-Õismäe,2026-05-23 09:32:14+03,2026-05-23
2,8,1829,78,59.47424,24.83815,274,,Z,Väike-Õismäe,2026-05-23 09:32:14+03,2026-05-23
2,8,1038,105,59.41251,24.63592,,,Z,Äigrumäe,2026-05-23 09:32:44+03,2026-05-23
2,8,1186,51,59.48987,24.87626,60,,Z,Äigrumäe,2026-05-23 09:32:44+03,2026-05-23
2,8,1236,36,59.44245,24.75299,348,,Z,Väike-Õismäe,2026-05-23 09:32:44+03,2026-05-23
2,8,1476,63,59.44342,24.7837,89,,Z,Äigrumäe,2026-05-23 09:32:44+03,2026-05-23
2,8,1710,20,59.42466,24.65047,248,,Z,Väike-Õismäe,2026-05-23 09:32:44+03,2026-05-23
2,8,1829,78,59.47396,24.83717,245,,Z,Väike-Õismäe,2026-05-23 09:32:44+03,2026-05-23
2,8,1038,105,59.41251,24.63593,,,Z,Äigrumäe,2026-05-23 09:33:15+03,2026-05-23
2,8,1186,51,59.49051,24.88014,76,,Z,Äigrumäe,2026-05-23 09:33:15+03,2026-05-23
2,8,1236,36,59.44379,24.75124,283,,Z,Väike-Õismäe,2026-05-23 09:33:15+03,2026-05-23
2,8,1476,63,59.44238,24.79053,101,,Z,Äigrumäe,2026-05-23 09:33:15+03,2026-05-23
2,8,1710,20,59.4237,24.64739,237,,Z,Väike-Õismäe,2026-05-23 09:33:15+03,2026-05-23
2,8,1829,78,59.47146,24.83557,199,,Z,Väike-Õismäe,2026-05-23 09:33:15+03,2026-05-23
2,8,1038,105,59.41258,24.63636,,,Z,Äigrumäe,2026-05-23 09:33:45+03,2026-05-23
2,8,1186,51,59.48986,24.88048,157,,Z,Äigrumäe,2026-05-23 09:33:45+03,2026-05-23
2,8,1236,36,59.44384,24.75058,278,,Z,Väike-Õismäe,2026-05-23 09:33:45+03,2026-05-23
2,8,1476,63,59.44242,24.79137,101,,Z,Äigrumäe,2026-05-23 09:33:45+03,2026-05-23
2,8,1710,20,59.4229,24.64603,168,,Z,Väike-Õismäe,2026-05-23 09:33:45+03,2026-05-23
2,8,1829,78,59.47109,24.8353,199,,Z,Väike-Õismäe,2026-05-23 09:33:45+03,2026-05-23
2,8,1038,105,59.41292,24.63678,,,Z,Äigrumäe,2026-05-23 09:34:15+03,2026-05-23
2,8,1186,51,59.48732,24.88112,179,,Z,Äigrumäe,2026-05-23 09:34:15+03,2026-05-23
2,8,1236,36,59.44415,24.74766,281,,Z,Väike-Õismäe,2026-05-23 09:34:15+03,2026-05-23
2,8,1476,63,59.44291,24.79468,70,,Z,Äigrumäe,2026-05-23 09:34:15+03,2026-05-23
2,8,1710,20,59.42132,24.64925,145,,Z,Väike-Õismäe,2026-05-23 09:34:15+03,2026-05-23
2,8,1829,78,59.46934,24.83457,194,,Z,Väike-Õismäe,2026-05-23 09:34:15+03,2026-05-23
2,8,1038,105,59.41229,24.63971,114,,Z,Äigrumäe,2026-05-23 09:34:45+03,2026-05-23
2,8,1186,51,59.48411,24.88446,151,,Z,Äigrumäe,2026-05-23 09:34:45+03,2026-05-23
2,8,1236,36,59.4441,24.74374,213,,Z,Väike-Õismäe,2026-05-23 09:34:45+03,2026-05-23
2,8,1476,63,59.44393,24.79672,36,,Z,Äigrumäe,2026-05-23 09:34:45+03,2026-05-23
2,8,1710,20,59.42045,24.64705,231,,Z,Väike-Õismäe,2026-05-23 09:34:45+03,2026-05-23
2,8,1829,78,59.46867,24.83421,194,,Z,Väike-Õismäe,2026-05-23 09:34:45+03,2026-05-23
2,8,1038,105,59.41215,24.64072,103,,Z,Äigrumäe,2026-05-23 09:35:15+03,2026-05-23
2,8,1186,51,59.48371,24.88494,151,,Z,Äigrumäe,2026-05-23 09:35:15+03,2026-05-23
2,8,1236,36,59.44274,24.74254,204,,Z,Väike-Õismäe,2026-05-23 09:35:15+03,2026-05-23
2,8,1476,63,59.44599,24.79995,37,,Z,Äigrumäe,2026-05-23 09:35:15+03,2026-05-23
2,8,1710,20,59.42018,24.64581,246,,Z,Väike-Õismäe,2026-05-23 09:35:15+03,2026-05-23
2,8,1829,78,59.46723,24.83341,197,,Z,Väike-Õismäe,2026-05-23 09:35:15+03,2026-05-23
2,8,1038,105,59.41382,24.64019,340,,Z,Äigrumäe,2026-05-23 09:35:45+03,2026-05-23
2,8,1186,51,59.48118,24.88967,139,,Z,Äigrumäe,2026-05-23 09:35:45+03,2026-05-23
2,8,1236,36,59.44154,24.7427,229,,Z,Väike-Õismäe,2026-05-23 09:35:45+03,2026-05-23
2,8,1476,63,59.44804,24.80308,36,,Z,Äigrumäe,2026-05-23 09:35:45+03,2026-05-23
2,8,1710,20,59.4192,24.64257,232,,Z,Väike-Õismäe,2026-05-23 09:35:45+03,2026-05-23
2,8,1829,78,59.46675,24.83271,231,,Z,Väike-Õismäe,2026-05-23 09:35:45+03,2026-05-23
2,8,1038,105,59.41455,24.63973,342,,Z,Äigrumäe,2026-05-23 09:36:16+03,2026-05-23
2,8,1186,51,59.48132,24.89079,139,,Z,Äigrumäe,2026-05-23 09:36:16+03,2026-05-23
2,8,1236,36,59.44066,24.74031,235,,Z,Väike-Õismäe,2026-05-23 09:36:16+03,2026-05-23
2,8,1476,63,59.44941,24.8051,36,,Z,Äigrumäe,2026-05-23 09:36:16+03,2026-05-23
2,8,1710,20,59.41783,24.64079,208,,Z,Väike-Õismäe,2026-05-23 09:36:16+03,2026-05-23
2,8,1829,78,59.4648,24.82963,225,,Z,Väike-Õismäe,2026-05-23 09:36:16+03,2026-05-23
2,8,1038,105,59.41579,24.63971,356,,Z,Äigrumäe,2026-05-23 09:36:46+03,2026-05-23
2,8,1186,51,59.48132,24.89079,139,,Z,Äigrumäe,2026-05-23 09:36:46+03,2026-05-23
2,8,1236,36,59.44041,24.73967,236,,Z,Väike-Õismäe,2026-05-23 09:36:46+03,2026-05-23
2,8,1476,63,59.45269,24.80809,16,,Z,Äigrumäe,2026-05-23 09:36:46+03,2026-05-23
2,8,1710,20,59.41643,24.63969,198,,Z,Väike-Õismäe,2026-05-23 09:36:46+03,2026-05-23
2,8,1829,78,59.46317,24.82636,225,,Z,Väike-Õismäe,2026-05-23 09:36:46+03,2026-05-23
2,8,1038,105,59.41723,24.64031,18,,Z,Äigrumäe,2026-05-23 09:37:16+03,2026-05-23
2,8,1186,51,59.48132,24.89079,139,,Z,Äigrumäe,2026-05-23 09:37:16+03,2026-05-23
2,8,1236,36,59.43982,24.73798,232,,Z,Väike-Õismäe,2026-05-23 09:37:16+03,2026-05-23
2,8,1476,63,59.45422,24.80896,16,,Z,Äigrumäe,2026-05-23 09:37:16+03,2026-05-23
2,8,1710,20,59.41457,24.63966,174,,Z,Väike-Õismäe,2026-05-23 09:37:16+03,2026-05-23
2,8,1829,78,59.46124,24.82006,246,,Z,Väike-Õismäe,2026-05-23 09:37:16+03,2026-05-23
2,8,1038,105,59.4192,24.64352,52,,Z,Äigrumäe,2026-05-23 09:37:46+03,2026-05-23
2,8,1186,51,59.48132,24.89079,139,,Z,Äigrumäe,2026-05-23 09:37:46+03,2026-05-23
2,8,1236,36,59.43935,24.73676,234,,Z,Väike-Õismäe,2026-05-23 09:37:46+03,2026-05-23
2,8,1476,63,59.45785,24.81228,27,,Z,Äigrumäe,2026-05-23 09:37:46+03,2026-05-23
2,8,1710,20,59.41346,24.64025,163,,Z,Väike-Õismäe,2026-05-23 09:37:46+03,2026-05-23
2,8,1829,78,59.46006,24.81582,236,,Z,Väike-Õismäe,2026-05-23 09:37:46+03,2026-05-23
2,8,1038,105,59.41986,24.64678,85,,Z,Äigrumäe,2026-05-23 09:38:16+03,2026-05-23
2,8,1186,52,59.48132,24.89079,139,,Z,Väike-Õismäe,2026-05-23 09:38:16+03,2026-05-23
2,8,1236,36,59.43695,24.73328,204,,Z,Väike-Õismäe,2026-05-23 09:38:16+03,2026-05-23
2,8,1476,63,59.46042,24.8184,57,,Z,Äigrumäe,2026-05-23 09:38:16+03,2026-05-23
2,8,1710,20,59.4126,24.63881,221,,Z,Väike-Õismäe,2026-05-23 09:38:16+03,2026-05-23
2,8,1829,78,59.45756,24.81139,212,,Z,Väike-Õismäe,2026-05-23 09:38:16+03,2026-05-23
2,8,1038,105,59.42034,24.64486,263,,Z,Äigrumäe,2026-05-23 09:38:46+03,2026-05-23
2,8,1186,52,59.48132,24.89079,139,,Z,Väike-Õismäe,2026-05-23 09:38:46+03,2026-05-23
2,8,1236,36,59.43681,24.73319,202,,Z,Väike-Õismäe,2026-05-23 09:38:46+03,2026-05-23
2,8,1476,63,59.46211,24.82486,63,,Z,Äigrumäe,2026-05-23 09:38:46+03,2026-05-23
2,8,1710,20,59.41294,24.63734,291,,Z,Väike-Õismäe,2026-05-23 09:38:46+03,2026-05-23
2,8,1829,78,59.45466,24.80878,203,,Z,Väike-Õismäe,2026-05-23 09:38:46+03,2026-05-23
2,8,1038,105,59.42051,24.64457,322,,Z,Äigrumäe,2026-05-23 09:39:17+03,2026-05-23
2,8,1186,52,59.48097,24.89037,139,,Z,Väike-Õismäe,2026-05-23 09:39:17+03,2026-05-23
2,8,1236,36,59.43652,24.73279,202,,Z,Väike-Õismäe,2026-05-23 09:39:17+03,2026-05-23
2,8,1476,63,59.46237,24.82542,58,,Z,Äigrumäe,2026-05-23 09:39:17+03,2026-05-23
2,8,1710,20,59.41301,24.63443,235,,Z,Väike-Õismäe,2026-05-23 09:39:17+03,2026-05-23
2,8,1829,78,59.45186,24.80705,196,,Z,Väike-Õismäe,2026-05-23 09:39:17+03,2026-05-23
2,8,1038,105,59.42191,24.64401,43,,Z,Äigrumäe,2026-05-23 09:39:47+03,2026-05-23
2,8,1186,52,59.48258,24.88733,317,,Z,Väike-Õismäe,2026-05-23 09:39:47+03,2026-05-23
2,8,1236,36,59.43642,24.72879,268,,Z,Väike-Õismäe,2026-05-23 09:39:47+03,2026-05-23
2,8,1476,63,59.4643,24.82931,45,,Z,Äigrumäe,2026-05-23 09:39:47+03,2026-05-23
2,8,1710,20,59.41188,24.63522,136,,Z,Väike-Õismäe,2026-05-23 09:39:47+03,2026-05-23
2,8,1829,78,59.45137,24.80669,200,,Z,Väike-Õismäe,2026-05-23 09:39:47+03,2026-05-23
2,8,1038,105,59.42284,24.64652,54,,Z,Äigrumäe,2026-05-23 09:40:17+03,2026-05-23
2,8,1186,52,59.4844,24.88426,324,,Z,Väike-Õismäe,2026-05-23 09:40:17+03,2026-05-23
2,8,1236,36,59.43624,24.72821,245,,Z,Väike-Õismäe,2026-05-23 09:40:17+03,2026-05-23
2,8,1476,63,59.46488,24.83028,39,,Z,Äigrumäe,2026-05-23 09:40:17+03,2026-05-23
2,8,1710,20,59.41187,24.63523,136,,Z,Väike-Õismäe,2026-05-23 09:40:17+03,2026-05-23
2,8,1829,78,59.44844,24.80302,216,,Z,Väike-Õismäe,2026-05-23 09:40:17+03,2026-05-23
2,8,1038,105,59.42376,24.64874,57,,Z,Äigrumäe,2026-05-23 09:40:47+03,2026-05-23
2,8,1186,52,59.48465,24.88394,331,,Z,Väike-Õismäe,2026-05-23 09:40:47+03,2026-05-23
2,8,1236,36,59.43481,24.72461,225,,Z,Väike-Õismäe,2026-05-23 09:40:47+03,2026-05-23
2,8,1476,63,59.46689,24.83364,30,,Z,Äigrumäe,2026-05-23 09:40:47+03,2026-05-23
2,8,1710,20,59.41186,24.63521,136,,Z,Väike-Õismäe,2026-05-23 09:40:47+03,2026-05-23
2,8,1829,78,59.4462,24.79966,217,,Z,Väike-Õismäe,2026-05-23 09:40:47+03,2026-05-23
2,8,1038,105,59.42431,24.65063,64,,Z,Äigrumäe,2026-05-23 09:41:17+03,2026-05-23
2,8,1186,52,59.48825,24.88098,352,,Z,Väike-Õismäe,2026-05-23 09:41:17+03,2026-05-23
2,8,1236,36,59.43379,24.72121,252,,Z,Väike-Õismäe,2026-05-23 09:41:17+03,2026-05-23
2,8,1476,63,59.46753,24.8339,30,,Z,Äigrumäe,2026-05-23 09:41:17+03,2026-05-23
2,8,1710,20,59.41187,24.63522,136,,Z,Väike-Õismäe,2026-05-23 09:41:17+03,2026-05-23
2,8,1829,78,59.44512,24.79799,218,,Z,Väike-Õismäe,2026-05-23 09:41:17+03,2026-05-23
2,8,1038,105,59.42576,24.65694,66,,Z,Äigrumäe,2026-05-23 09:41:47+03,2026-05-23
2,8,1186,52,59.49061,24.88022,344,,Z,Väike-Õismäe,2026-05-23 09:41:47+03,2026-05-23
2,8,1236,36,59.43372,24.72094,252,,Z,Väike-Õismäe,2026-05-23 09:41:47+03,2026-05-23
2,8,1476,63,59.47085,24.83557,14,,Z,Äigrumäe,2026-05-23 09:41:47+03,2026-05-23
2,8,1710,20,59.41189,24.63523,136,,Z,Väike-Õismäe,2026-05-23 09:41:47+03,2026-05-23
2,8,1829,78,59.44458,24.79717,217,,Z,Väike-Õismäe,2026-05-23 09:41:47+03,2026-05-23
2,8,1038,105,59.42629,24.65919,67,,Z,Äigrumäe,2026-05-23 09:42:17+03,2026-05-23
2,8,1186,52,59.49068,24.87888,344,,Z,Väike-Õismäe,2026-05-23 09:42:17+03,2026-05-23
2,8,1236,36,59.43278,24.71635,244,,Z,Väike-Õismäe,2026-05-23 09:42:17+03,2026-05-23
2,8,1476,63,59.47391,24.83748,21,,Z,Äigrumäe,2026-05-23 09:42:17+03,2026-05-23
2,8,1710,20,59.41188,24.63522,136,,Z,Väike-Õismäe,2026-05-23 09:42:17+03,2026-05-23
2,8,1829,78,59.44283,24.79297,248,,Z,Väike-Õismäe,2026-05-23 09:42:17+03,2026-05-23
2,8,1038,105,59.42695,24.66347,74,,Z,Äigrumäe,2026-05-23 09:42:47+03,2026-05-23
2,8,1186,52,59.4897,24.87562,239,,Z,Väike-Õismäe,2026-05-23 09:42:47+03,2026-05-23
2,8,1236,36,59.43216,24.71377,241,,Z,Väike-Õismäe,2026-05-23 09:42:47+03,2026-05-23
2,8,1476,63,59.47419,24.83802,21,,Z,Äigrumäe,2026-05-23 09:42:47+03,2026-05-23
2,8,1710,20,59.41189,24.63522,136,,Z,Väike-Õismäe,2026-05-23 09:42:47+03,2026-05-23
2,8,1829,78,59.44285,24.78868,285,,Z,Väike-Õismäe,2026-05-23 09:42:47+03,2026-05-23
2,8,1038,105,59.42774,24.6714,84,,Z,Äigrumäe,2026-05-23 09:43:18+03,2026-05-23
2,8,1186,52,59.48844,24.87112,241,,Z,Väike-Õismäe,2026-05-23 09:43:18+03,2026-05-23
2,8,1236,36,59.4318,24.71283,232,,Z,Väike-Õismäe,2026-05-23 09:43:18+03,2026-05-23
2,8,1476,63,59.47409,24.83877,59,,Z,Äigrumäe,2026-05-23 09:43:18+03,2026-05-23
2,8,1710,20,59.41188,24.63522,136,,Z,Väike-Õismäe,2026-05-23 09:43:18+03,2026-05-23
2,8,1829,78,59.44333,24.78596,285,,Z,Väike-Õismäe,2026-05-23 09:43:18+03,2026-05-23
2,8,1038,105,59.42781,24.67264,83,,Z,Äigrumäe,2026-05-23 09:43:48+03,2026-05-23
2,8,1186,52,59.48813,24.87014,242,,Z,Väike-Õismäe,2026-05-23 09:43:48+03,2026-05-23
2,8,1236,36,59.43057,24.70883,240,,Z,Väike-Õismäe,2026-05-23 09:43:48+03,2026-05-23
2,8,1476,63,59.47481,24.84361,67,,Z,Äigrumäe,2026-05-23 09:43:48+03,2026-05-23
2,8,1710,20,59.41188,24.63522,136,,Z,Väike-Õismäe,2026-05-23 09:43:48+03,2026-05-23
2,8,1829,78,59.44365,24.78189,276,,Z,Väike-Õismäe,2026-05-23 09:43:48+03,2026-05-23
2,8,1038,105,59.42844,24.6787,75,,Z,Äigrumäe,2026-05-23 09:44:18+03,2026-05-23
2,8,1186,52,59.48696,24.86483,257,,Z,Väike-Õismäe,2026-05-23 09:44:18+03,2026-05-23
2,8,1236,36,59.42993,24.70662,241,,Z,Väike-Õismäe,2026-05-23 09:44:18+03,2026-05-23
2,8,1476,63,59.47737,24.84675,12,,Z,Äigrumäe,2026-05-23 09:44:18+03,2026-05-23
2,8,1710,20,59.41188,24.63522,136,,Z,Väike-Õismäe,2026-05-23 09:44:18+03,2026-05-23
2,8,1829,78,59.44365,24.78189,276,,Z,Väike-Õismäe,2026-05-23 09:44:18+03,2026-05-23
2,8,1038,105,59.4287,24.68077,75,,Z,Äigrumäe,2026-05-23 09:44:48+03,2026-05-23
2,8,1186,52,59.48476,24.86194,215,,Z,Väike-Õismäe,2026-05-23 09:44:48+03,2026-05-23
2,8,1236,36,59.42954,24.70553,232,,Z,Väike-Õismäe,2026-05-23 09:44:48+03,2026-05-23
2,8,1476,63,59.47944,24.8507,44,,Z,Äigrumäe,2026-05-23 09:44:48+03,2026-05-23
2,8,1710,20,59.41189,24.63521,136,,Z,Väike-Õismäe,2026-05-23 09:44:48+03,2026-05-23
2,8,1829,78,59.44335,24.77907,252,,Z,Väike-Õismäe,2026-05-23 09:44:48+03,2026-05-23
2,8,1038,105,59.42914,24.6848,76,,Z,Äigrumäe,2026-05-23 09:45:18+03,2026-05-23
2,8,1186,52,59.4828,24.85906,209,,Z,Väike-Õismäe,2026-05-23 09:45:18+03,2026-05-23
2,8,1236,36,59.42954,24.70553,232,,Z,Väike-Õismäe,2026-05-23 09:45:18+03,2026-05-23
2,8,1476,63,59.48033,24.85518,52,,Z,Äigrumäe,2026-05-23 09:45:18+03,2026-05-23
2,8,1710,20,59.41188,24.63521,136,,Z,Väike-Õismäe,2026-05-23 09:45:18+03,2026-05-23
2,8,1829,78,59.44217,24.77365,246,,Z,Väike-Õismäe,2026-05-23 09:45:18+03,2026-05-23
2,8,1038,105,59.42935,24.68674,77,,Z,Äigrumäe,2026-05-23 09:45:48+03,2026-05-23
2,8,1186,52,59.48055,24.85552,234,,Z,Väike-Õismäe,2026-05-23 09:45:48+03,2026-05-23
2,8,1236,36,59.42929,24.70388,253,,Z,Väike-Õismäe,2026-05-23 09:45:48+03,2026-05-23
2,8,1476,63,59.48112,24.8572,52,,Z,Äigrumäe,2026-05-23 09:45:48+03,2026-05-23
2,8,1710,20,59.41189,24.63522,136,,Z,Väike-Õismäe,2026-05-23 09:45:48+03,2026-05-23
2,8,1829,78,59.44195,24.77271,245,,Z,Väike-Õismäe,2026-05-23 09:45:48+03,2026-05-23
2,8,1038,105,59.42952,24.69176,87,,Z,Äigrumäe,2026-05-23 09:46:18+03,2026-05-23
2,8,1186,52,59.48005,24.8543,227,,Z,Väike-Õismäe,2026-05-23 09:46:18+03,2026-05-23
2,8,1236,36,59.42937,24.69998,274,,Z,Väike-Õismäe,2026-05-23 09:46:18+03,2026-05-23
2,8,1476,63,59.48361,24.86001,29,,Z,Äigrumäe,2026-05-23 09:46:18+03,2026-05-23
2,8,1710,20,59.41187,24.63524,136,,Z,Väike-Õismäe,2026-05-23 09:46:18+03,2026-05-23
2,8,1829,78,59.44176,24.77184,245,,Z,Väike-Õismäe,2026-05-23 09:46:18+03,2026-05-23
2,8,1038,105,59.42955,24.69279,86,,Z,Äigrumäe,2026-05-23 09:46:49+03,2026-05-23
2,8,1186,52,59.4798,24.85232,261,,Z,Väike-Õismäe,2026-05-23 09:46:49+03,2026-05-23
2,8,1236,36,59.42944,24.69891,277,,Z,Väike-Õismäe,2026-05-23 09:46:49+03,2026-05-23
2,8,1476,63,59.48599,24.86342,23,,Z,Äigrumäe,2026-05-23 09:46:49+03,2026-05-23
2,8,1710,20,59.41188,24.63523,136,,Z,Väike-Õismäe,2026-05-23 09:46:49+03,2026-05-23
2,8,1829,78,59.44175,24.77182,245,,Z,Väike-Õismäe,2026-05-23 09:46:49+03,2026-05-23
2,8,1038,105,59.42952,24.69477,91,,Z,Äigrumäe,2026-05-23 09:47:19+03,2026-05-23
2,8,1186,52,59.47859,24.84893,223,,Z,Väike-Õismäe,2026-05-23 09:47:19+03,2026-05-23
2,8,1236,36,59.42981,24.69285,277,,Z,Väike-Õismäe,2026-05-23 09:47:19+03,2026-05-23
2,8,1476,63,59.48712,24.86665,79,,Z,Äigrumäe,2026-05-23 09:47:19+03,2026-05-23
2,8,1710,20,59.41188,24.63524,136,,Z,Väike-Õismäe,2026-05-23 09:47:19+03,2026-05-23
2,8,1829,78,59.44132,24.76972,246,,Z,Väike-Õismäe,2026-05-23 09:47:19+03,2026-05-23
2,8,1038,105,59.42949,24.69538,91,,Z,Äigrumäe,2026-05-23 09:47:49+03,2026-05-23
2,8,1186,52,59.47823,24.84821,227,,Z,Väike-Õismäe,2026-05-23 09:47:49+03,2026-05-23
2,8,1236,36,59.42985,24.69117,274,,Z,Väike-Õismäe,2026-05-23 09:47:49+03,2026-05-23
2,8,1476,63,59.48753,24.86813,60,,Z,Äigrumäe,2026-05-23 09:47:49+03,2026-05-23
2,8,1710,20,59.41188,24.63524,136,,Z,Väike-Õismäe,2026-05-23 09:47:49+03,2026-05-23
2,8,1829,78,59.44132,24.76972,246,,Z,Väike-Õismäe,2026-05-23 09:47:49+03,2026-05-23
2,8,1038,105,59.4295,24.69538,91,,Z,Äigrumäe,2026-05-23 09:48:19+03,2026-05-23
2,8,1186,52,59.47561,24.84579,190,,Z,Väike-Õismäe,2026-05-23 09:48:19+03,2026-05-23
2,8,1236,36,59.42982,24.68916,268,,Z,Väike-Õismäe,2026-05-23 09:48:19+03,2026-05-23
2,8,1476,63,59.48853,24.8717,64,,Z,Äigrumäe,2026-05-23 09:48:19+03,2026-05-23
2,8,1710,20,59.41189,24.63522,136,,Z,Väike-Õismäe,2026-05-23 09:48:19+03,2026-05-23
2,8,1829,78,59.44133,24.76971,246,,Z,Väike-Õismäe,2026-05-23 09:48:19+03,2026-05-23
2,8,1038,105,59.42947,24.69564,91,,Z,Äigrumäe,2026-05-23 09:48:49+03,2026-05-23
2,8,1186,52,59.47425,24.8404,259,,Z,Väike-Õismäe,2026-05-23 09:48:49+03,2026-05-23
2,8,1236,36,59.42936,24.68374,258,,Z,Väike-Õismäe,2026-05-23 09:48:49+03,2026-05-23
2,8,1476,63,59.48937,24.8745,60,,Z,Äigrumäe,2026-05-23 09:48:49+03,2026-05-23
2,8,1710,20,59.41188,24.63522,136,,Z,Väike-Õismäe,2026-05-23 09:48:49+03,2026-05-23
2,8,1829,78,59.4411,24.7689,241,,Z,Väike-Õismäe,2026-05-23 09:48:49+03,2026-05-23
2,8,1038,105,59.42943,24.69626,91,,Z,Äigrumäe,2026-05-23 09:49:19+03,2026-05-23
2,8,1186,52,59.47425,24.83807,283,,Z,Väike-Õismäe,2026-05-23 09:49:19+03,2026-05-23
2,8,1236,36,59.42848,24.6765,256,,Z,Väike-Õismäe,2026-05-23 09:49:19+03,2026-05-23
2,8,1476,63,59.4898,24.87605,60,,Z,Äigrumäe,2026-05-23 09:49:19+03,2026-05-23
2,8,1710,20,59.41186,24.63522,136,,Z,Väike-Õismäe,2026-05-23 09:49:19+03,2026-05-23
2,8,1829,78,59.44022,24.76388,253,,Z,Väike-Õismäe,2026-05-23 09:49:19+03,2026-05-23
2,8,1038,105,59.42942,24.69654,91,,Z,Äigrumäe,2026-05-23 09:49:49+03,2026-05-23
2,8,1186,52,59.47423,24.83747,283,,Z,Väike-Õismäe,2026-05-23 09:49:49+03,2026-05-23
2,8,1236,36,59.42815,24.67296,264,,Z,Väike-Õismäe,2026-05-23 09:49:49+03,2026-05-23
2,8,1476,63,59.49079,24.8799,64,,Z,Äigrumäe,2026-05-23 09:49:49+03,2026-05-23
2,8,1710,20,59.41185,24.63523,136,,Z,Väike-Õismäe,2026-05-23 09:49:49+03,2026-05-23
2,8,1829,78,59.43991,24.76036,270,,Z,Väike-Õismäe,2026-05-23 09:49:49+03,2026-05-23
2,8,1038,105,59.42936,24.6973,97,,Z,Äigrumäe,2026-05-23 09:50:19+03,2026-05-23
2,8,1186,52,59.47365,24.83702,238,,Z,Väike-Õismäe,2026-05-23 09:50:19+03,2026-05-23
2,8,1236,36,59.42769,24.66706,261,,Z,Väike-Õismäe,2026-05-23 09:50:19+03,2026-05-23
2,8,1476,63,59.48986,24.8805,147,,Z,Äigrumäe,2026-05-23 09:50:19+03,2026-05-23
2,8,1710,20,59.41185,24.63523,136,,Z,Väike-Õismäe,2026-05-23 09:50:19+03,2026-05-23
2,8,1829,78,59.44017,24.75908,291,,Z,Väike-Õismäe,2026-05-23 09:50:19+03,2026-05-23
2,8,1038,105,59.42935,24.69758,97,,Z,Äigrumäe,2026-05-23 09:50:50+03,2026-05-23
2,8,1186,52,59.47075,24.83514,200,,Z,Väike-Õismäe,2026-05-23 09:50:50+03,2026-05-23
2,8,1236,36,59.42671,24.65966,252,,Z,Väike-Õismäe,2026-05-23 09:50:50+03,2026-05-23
2,8,1476,63,59.48721,24.88121,169,,Z,Äigrumäe,2026-05-23 09:50:50+03,2026-05-23
2,8,1710,20,59.41186,24.63523,136,,Z,Väike-Õismäe,2026-05-23 09:50:50+03,2026-05-23
2,8,1829,78,59.4402,24.7589,291,,Z,Väike-Õismäe,2026-05-23 09:50:50+03,2026-05-23
2,8,1038,105,59.42933,24.69778,97,,Z,Äigrumäe,2026-05-23 09:51:20+03,2026-05-23
2,8,1186,52,59.47014,24.83493,193,,Z,Väike-Õismäe,2026-05-23 09:51:20+03,2026-05-23
2,8,1236,36,59.4264,24.65818,249,,Z,Väike-Õismäe,2026-05-23 09:51:20+03,2026-05-23
2,8,1476,63,59.48599,24.88245,151,,Z,Äigrumäe,2026-05-23 09:51:20+03,2026-05-23
2,8,1710,20,59.41188,24.63523,136,,Z,Väike-Õismäe,2026-05-23 09:51:20+03,2026-05-23
2,8,1829,78,59.44106,24.75437,289,,Z,Väike-Õismäe,2026-05-23 09:51:20+03,2026-05-23
2,8,1038,105,59.42932,24.6979,97,,Z,Äigrumäe,2026-05-23 09:51:50+03,2026-05-23
2,8,1186,52,59.4684,24.83408,194,,Z,Väike-Õismäe,2026-05-23 09:51:50+03,2026-05-23
2,8,1236,36,59.42606,24.65684,242,,Z,Väike-Õismäe,2026-05-23 09:51:50+03,2026-05-23
2,8,1476,63,59.48344,24.88559,137,,Z,Äigrumäe,2026-05-23 09:51:50+03,2026-05-23
2,8,1710,20,59.41188,24.63524,136,,Z,Väike-Õismäe,2026-05-23 09:51:50+03,2026-05-23
2,8,1829,78,59.4433,24.75313,6,,Z,Väike-Õismäe,2026-05-23 09:51:50+03,2026-05-23
2,8,1038,105,59.42933,24.6979,97,,Z,Äigrumäe,2026-05-23 09:52:20+03,2026-05-23
2,8,1186,52,59.46697,24.83243,247,,Z,Väike-Õismäe,2026-05-23 09:52:20+03,2026-05-23
2,8,1236,36,59.42597,24.65641,242,,Z,Väike-Õismäe,2026-05-23 09:52:20+03,2026-05-23
2,8,1476,63,59.48101,24.89004,139,,Z,Äigrumäe,2026-05-23 09:52:20+03,2026-05-23
2,8,1710,20,59.41187,24.63522,136,,Z,Väike-Õismäe,2026-05-23 09:52:20+03,2026-05-23
2,8,1829,78,59.4438,24.75134,281,,Z,Väike-Õismäe,2026-05-23 09:52:20+03,2026-05-23
2,8,1038,105,59.42933,24.69797,97,,Z,Äigrumäe,2026-05-23 09:52:50+03,2026-05-23
2,8,1186,52,59.46669,24.83286,247,,Z,Väike-Õismäe,2026-05-23 09:52:50+03,2026-05-23
2,8,1236,36,59.42475,24.65092,248,,Z,Väike-Õismäe,2026-05-23 09:52:50+03,2026-05-23
2,8,1474,5,59.41199,24.63581,,,Z,,2026-05-23 09:52:50+03,2026-05-23
2,8,1476,63,59.48112,24.89107,128,,Z,Äigrumäe,2026-05-23 09:52:50+03,2026-05-23
2,8,1710,20,59.41186,24.63523,136,,Z,Väike-Õismäe,2026-05-23 09:52:50+03,2026-05-23
2,8,1829,78,59.44391,24.75016,281,,Z,Väike-Õismäe,2026-05-23 09:52:50+03,2026-05-23
2,8,1038,105,59.42933,24.69795,97,,Z,Äigrumäe,2026-05-23 09:53:20+03,2026-05-23
2,8,1186,52,59.46496,24.82999,225,,Z,Väike-Õismäe,2026-05-23 09:53:20+03,2026-05-23
2,8,1236,36,59.42422,24.64911,239,,Z,Väike-Õismäe,2026-05-23 09:53:20+03,2026-05-23
2,8,1474,5,59.41273,24.63646,,,Z,Äigrumäe,2026-05-23 09:53:20+03,2026-05-23
2,8,1476,63,59.48132,24.89086,128,,Z,Äigrumäe,2026-05-23 09:53:20+03,2026-05-23
2,8,1710,20,59.41186,24.63522,136,,Z,Väike-Õismäe,2026-05-23 09:53:20+03,2026-05-23
2,8,1829,78,59.44417,24.74773,279,,Z,Väike-Õismäe,2026-05-23 09:53:20+03,2026-05-23
2,8,1038,105,59.42933,24.69807,97,,Z,Äigrumäe,2026-05-23 09:53:50+03,2026-05-23
2,8,1186,52,59.46358,24.82714,228,,Z,Väike-Õismäe,2026-05-23 09:53:50+03,2026-05-23
2,8,1236,36,59.42358,24.64703,236,,Z,Väike-Õismäe,2026-05-23 09:53:50+03,2026-05-23
2,8,1474,5,59.41275,24.6376,98,,Z,Äigrumäe,2026-05-23 09:53:50+03,2026-05-23
2,8,1476,63,59.48133,24.89084,128,,Z,Äigrumäe,2026-05-23 09:53:50+03,2026-05-23
2,8,1710,20,59.41186,24.63522,136,,Z,Väike-Õismäe,2026-05-23 09:53:50+03,2026-05-23
2,8,1829,78,59.44404,24.74364,204,,Z,Väike-Õismäe,2026-05-23 09:53:50+03,2026-05-23
2,8,1038,105,59.42933,24.69841,97,,Z,Äigrumäe,2026-05-23 09:54:20+03,2026-05-23
2,8,1186,52,59.46224,24.82423,234,,Z,Väike-Õismäe,2026-05-23 09:54:20+03,2026-05-23
2,8,1236,36,59.4227,24.64721,109,,Z,Väike-Õismäe,2026-05-23 09:54:20+03,2026-05-23
2,8,1474,5,59.41242,24.63916,113,,Z,Äigrumäe,2026-05-23 09:54:20+03,2026-05-23
2,8,1476,63,59.48132,24.89084,128,,Z,Äigrumäe,2026-05-23 09:54:20+03,2026-05-23
2,8,1710,20,59.41186,24.63523,136,,Z,Väike-Õismäe,2026-05-23 09:54:20+03,2026-05-23
2,8,1829,78,59.44234,24.74329,145,,Z,Väike-Õismäe,2026-05-23 09:54:20+03,2026-05-23
2,8,1038,105,59.42934,24.69899,97,,Z,Äigrumäe,2026-05-23 09:54:51+03,2026-05-23
2,8,1186,52,59.46083,24.8184,245,,Z,Väike-Õismäe,2026-05-23 09:54:51+03,2026-05-23
2,8,1236,36,59.42096,24.64914,144,,Z,Väike-Õismäe,2026-05-23 09:54:51+03,2026-05-23
2,8,1474,5,59.41228,24.63978,113,,Z,Äigrumäe,2026-05-23 09:54:51+03,2026-05-23
2,8,1476,63,59.48131,24.89083,128,,Z,Äigrumäe,2026-05-23 09:54:51+03,2026-05-23
2,8,1710,20,59.41186,24.63523,136,,Z,Väike-Õismäe,2026-05-23 09:54:51+03,2026-05-23
2,8,1829,78,59.44078,24.74076,234,,Z,Väike-Õismäe,2026-05-23 09:54:51+03,2026-05-23
2,8,1038,105,59.42933,24.69899,97,,Z,Äigrumäe,2026-05-23 09:55:21+03,2026-05-23
2,8,1186,52,59.45922,24.81401,225,,Z,Väike-Õismäe,2026-05-23 09:55:21+03,2026-05-23
2,8,1236,36,59.42044,24.64689,246,,Z,Väike-Õismäe,2026-05-23 09:55:21+03,2026-05-23
2,8,1474,5,59.41288,24.64101,345,,Z,Äigrumäe,2026-05-23 09:55:21+03,2026-05-23
2,8,1476,63,59.48129,24.89085,128,,Z,Äigrumäe,2026-05-23 09:55:21+03,2026-05-23
2,8,1710,20,59.41186,24.63523,136,,Z,Väike-Õismäe,2026-05-23 09:55:21+03,2026-05-23
2,8,1829,78,59.44053,24.73998,234,,Z,Väike-Õismäe,2026-05-23 09:55:21+03,2026-05-23
2,8,1038,105,59.42928,24.69988,97,,Z,Äigrumäe,2026-05-23 09:55:51+03,2026-05-23
2,8,1186,52,59.45657,24.81048,204,,Z,Väike-Õismäe,2026-05-23 09:55:51+03,2026-05-23
2,8,1236,36,59.4195,24.6433,238,,Z,Väike-Õismäe,2026-05-23 09:55:51+03,2026-05-23
2,8,1474,5,59.41387,24.64015,339,,Z,Äigrumäe,2026-05-23 09:55:51+03,2026-05-23
2,8,1476,63,59.4813,24.89086,128,,Z,Äigrumäe,2026-05-23 09:55:51+03,2026-05-23
2,8,1710,20,59.41186,24.63523,136,,Z,Väike-Õismäe,2026-05-23 09:55:51+03,2026-05-23
2,8,1829,78,59.44035,24.7395,234,,Z,Väike-Õismäe,2026-05-23 09:55:51+03,2026-05-23
2,8,1038,105,59.42926,24.70036,97,,Z,Äigrumäe,2026-05-23 09:56:21+03,2026-05-23
2,8,1186,52,59.45358,24.80809,197,,Z,Väike-Õismäe,2026-05-23 09:56:21+03,2026-05-23
2,8,1236,36,59.41917,24.64251,233,,Z,Väike-Õismäe,2026-05-23 09:56:21+03,2026-05-23
2,8,1474,5,59.41549,24.63964,0,,Z,Äigrumäe,2026-05-23 09:56:21+03,2026-05-23
2,8,1476,64,59.4813,24.89085,128,,Z,Väike-Õismäe,2026-05-23 09:56:21+03,2026-05-23
2,8,1710,20,59.41185,24.63523,136,,Z,Väike-Õismäe,2026-05-23 09:56:21+03,2026-05-23
2,8,1829,78,59.43976,24.73776,239,,Z,Väike-Õismäe,2026-05-23 09:56:21+03,2026-05-23
2,8,1038,105,59.42923,24.70111,94,,Z,Äigrumäe,2026-05-23 09:56:51+03,2026-05-23
2,8,1186,52,59.45065,24.80607,204,,Z,Väike-Õismäe,2026-05-23 09:56:51+03,2026-05-23
2,8,1236,36,59.41694,24.64007,204,,Z,Väike-Õismäe,2026-05-23 09:56:51+03,2026-05-23
2,8,1474,5,59.41583,24.6397,0,,Z,Äigrumäe,2026-05-23 09:56:51+03,2026-05-23
2,8,1476,64,59.48132,24.89084,128,,Z,Väike-Õismäe,2026-05-23 09:56:51+03,2026-05-23
2,8,1710,20,59.41186,24.63523,136,,Z,Väike-Õismäe,2026-05-23 09:56:51+03,2026-05-23
2,8,1829,78,59.43976,24.73775,239,,Z,Väike-Õismäe,2026-05-23 09:56:51+03,2026-05-23
2,8,1038,105,59.42923,24.70131,94,,Z,Äigrumäe,2026-05-23 09:57:21+03,2026-05-23
2,8,1186,52,59.44844,24.80306,216,,Z,Väike-Õismäe,2026-05-23 09:57:21+03,2026-05-23
2,8,1236,36,59.41599,24.63963,191,,Z,Väike-Õismäe,2026-05-23 09:57:21+03,2026-05-23
2,8,1474,5,59.41833,24.64155,34,,Z,Äigrumäe,2026-05-23 09:57:21+03,2026-05-23
2,8,1476,64,59.48111,24.8905,128,,Z,Väike-Õismäe,2026-05-23 09:57:21+03,2026-05-23
2,8,1710,20,59.41185,24.63524,136,,Z,Väike-Õismäe,2026-05-23 09:57:21+03,2026-05-23
2,8,1829,78,59.43976,24.73775,239,,Z,Väike-Õismäe,2026-05-23 09:57:21+03,2026-05-23
2,8,1038,105,59.42922,24.70199,94,,Z,Äigrumäe,2026-05-23 09:57:51+03,2026-05-23
2,8,1186,52,59.44807,24.8025,217,,Z,Väike-Õismäe,2026-05-23 09:57:51+03,2026-05-23
2,8,1236,36,59.41346,24.64033,165,,Z,Väike-Õismäe,2026-05-23 09:57:51+03,2026-05-23
2,8,1474,5,59.41957,24.64622,87,,Z,Äigrumäe,2026-05-23 09:57:51+03,2026-05-23
2,8,1476,64,59.48096,24.89034,128,,Z,Väike-Õismäe,2026-05-23 09:57:51+03,2026-05-23
2,8,1710,20,59.41185,24.63524,136,,Z,Väike-Õismäe,2026-05-23 09:57:51+03,2026-05-23
2,8,1829,78,59.43962,24.73732,239,,Z,Väike-Õismäe,2026-05-23 09:57:51+03,2026-05-23
2,8,1038,105,59.42922,24.70228,94,,Z,Äigrumäe,2026-05-23 09:58:23+03,2026-05-23
2,8,1186,52,59.4453,24.79826,218,,Z,Väike-Õismäe,2026-05-23 09:58:23+03,2026-05-23
2,8,1236,36,59.41304,24.64052,165,,Z,Väike-Õismäe,2026-05-23 09:58:23+03,2026-05-23
2,8,1474,5,59.4201,24.64543,271,,Z,Äigrumäe,2026-05-23 09:58:23+03,2026-05-23
2,8,1476,64,59.48253,24.88739,317,,Z,Väike-Õismäe,2026-05-23 09:58:23+03,2026-05-23
2,8,1710,20,59.41186,24.63524,136,,Z,Väike-Õismäe,2026-05-23 09:58:23+03,2026-05-23
2,8,1829,78,59.43786,24.73405,218,,Z,Väike-Õismäe,2026-05-23 09:58:23+03,2026-05-23
2,8,1038,105,59.42922,24.70337,89,,Z,Äigrumäe,2026-05-23 09:58:53+03,2026-05-23
2,8,1186,52,59.44488,24.79762,217,,Z,Väike-Õismäe,2026-05-23 09:58:53+03,2026-05-23
2,8,1236,36,59.41285,24.63793,294,,Z,Väike-Õismäe,2026-05-23 09:58:53+03,2026-05-23
2,8,1474,5,59.42047,24.64468,297,,Z,Äigrumäe,2026-05-23 09:58:53+03,2026-05-23
2,8,1476,64,59.48443,24.88421,328,,Z,Väike-Õismäe,2026-05-23 09:58:53+03,2026-05-23
2,8,1710,20,59.41186,24.63525,136,,Z,Väike-Õismäe,2026-05-23 09:58:53+03,2026-05-23
2,8,1829,78,59.4366,24.73274,204,,Z,Väike-Õismäe,2026-05-23 09:58:53+03,2026-05-23
2,8,1038,105,59.42919,24.70369,89,,Z,Äigrumäe,2026-05-23 09:59:23+03,2026-05-23
2,8,1186,52,59.4429,24.79348,247,,Z,Väike-Õismäe,2026-05-23 09:59:23+03,2026-05-23
2,8,1236,36,59.41325,24.63556,290,,Z,Väike-Õismäe,2026-05-23 09:59:23+03,2026-05-23
2,8,1474,5,59.42158,24.64335,334,,Z,Äigrumäe,2026-05-23 09:59:23+03,2026-05-23
2,8,1476,64,59.48535,24.88319,330,,Z,Väike-Õismäe,2026-05-23 09:59:23+03,2026-05-23
2,8,1710,20,59.41186,24.63524,136,,Z,Väike-Õismäe,2026-05-23 09:59:23+03,2026-05-23
2,8,1829,78,59.43638,24.72841,266,,Z,Väike-Õismäe,2026-05-23 09:59:23+03,2026-05-23
2,8,1038,105,59.42943,24.70545,89,,Z,Äigrumäe,2026-05-23 09:59:53+03,2026-05-23
2,8,1186,52,59.44266,24.78961,274,,Z,Väike-Õismäe,2026-05-23 09:59:53+03,2026-05-23
2,8,1236,36,59.41247,24.63433,189,,Z,Väike-Õismäe,2026-05-23 09:59:53+03,2026-05-23
2,8,1474,5,59.42286,24.64669,62,,Z,Äigrumäe,2026-05-23 09:59:53+03,2026-05-23
2,8,1476,64,59.48641,24.88214,333,,Z,Väike-Õismäe,2026-05-23 09:59:53+03,2026-05-23
2,8,1710,20,59.41185,24.63524,136,,Z,Väike-Õismäe,2026-05-23 09:59:53+03,2026-05-23
2,8,1829,78,59.43569,24.72649,235,,Z,Väike-Õismäe,2026-05-23 09:59:53+03,2026-05-23
